# Blender 4.5.3 LTS
# www.blender.org
mtllib vyse-helmet.mtl
o Plane.002
v 0.000000 0.100326 0.045053
v 0.000000 0.107407 0.030597
v 0.000000 0.121471 -0.029636
v 0.015950 0.050113 0.091970
v 0.000000 0.076823 0.078052
v 0.016862 0.064592 0.086094
v 0.000000 0.065450 0.087772
v 0.015975 0.053716 0.092633
v 0.000000 0.054792 0.094444
v 0.006097 0.042494 0.099578
v 0.000000 0.042257 0.100329
v 0.029115 0.075610 0.075427
v 0.029717 0.097962 0.044101
v 0.029611 0.105306 0.029194
v 0.029235 0.118638 -0.031011
v 0.000000 0.088984 0.061223
v 0.029528 0.087954 0.059721
v 0.000000 0.118005 0.001669
v 0.029767 0.115396 0.000973
v 0.000000 0.121784 -0.054761
v 0.027922 0.119244 -0.055720
v 0.000000 0.118554 -0.077521
v 0.025941 0.116210 -0.078367
v 0.000000 0.108765 -0.108088
v 0.022389 0.107257 -0.108343
v 0.027238 0.119194 -0.066190
v 0.000000 0.121496 -0.066079
v 0.000000 0.120620 -0.014481
v 0.029447 0.117662 -0.015463
v 0.000000 0.113477 0.016327
v 0.029901 0.111654 0.013433
v 0.000000 0.038590 0.099596
v 0.028786 0.119294 -0.043611
v 0.000000 0.122101 -0.042252
v 0.007322 0.039041 0.098930
v 0.024145 0.111750 -0.093309
v 0.000000 0.113907 -0.092033
v 0.041608 0.082287 0.051289
v 0.044551 0.091454 0.033483
v 0.047802 0.095430 0.021272
v 0.050315 0.103296 -0.005499
v 0.049659 0.105798 -0.022978
v 0.049878 0.098765 0.008702
v 0.048796 0.107490 -0.034251
v 0.045290 0.109747 -0.058372
v 0.041794 0.107347 -0.081749
v 0.038738 0.100893 -0.107458
v 0.043760 0.110135 -0.068859
v 0.047037 0.109318 -0.046137
v 0.038849 0.104347 -0.096331
v 0.030937 0.074136 0.075242
v 0.030191 0.048747 0.088671
v 0.039949 0.052781 0.078049
v 0.015485 0.035559 0.097911
v 0.007654 0.030216 0.100881
v 0.000000 0.016798 0.104358
v 0.007548 0.019690 0.102491
v 0.000000 0.028266 0.102488
v 0.015485 0.035559 0.097911
v 0.015695 0.022911 0.099351
v 0.031102 0.030106 0.090331
v 0.041335 0.035543 0.081421
v 0.053833 0.061064 0.054912
v 0.052382 0.042501 0.068245
v 0.061518 0.066208 0.040010
v 0.065976 0.054085 0.041408
v 0.066782 0.071314 0.023642
v 0.071627 0.059390 0.025242
v 0.070960 0.076896 0.007541
v 0.076677 0.066255 0.008803
v 0.068432 0.087223 -0.007209
v 0.073813 0.082252 -0.007112
v 0.068028 0.090339 -0.019328
v 0.073583 0.085726 -0.018936
v 0.067859 0.091983 -0.036213
v 0.073421 0.087378 -0.035821
v 0.067338 0.092909 -0.052775
v 0.072945 0.088362 -0.052385
v 0.066281 0.093301 -0.067200
v 0.072109 0.088703 -0.066935
v 0.064525 0.091460 -0.077859
v 0.069751 0.087492 -0.077872
v 0.060938 0.089097 -0.090708
v 0.066164 0.085129 -0.090722
v 0.056799 0.086706 -0.105639
v 0.061878 0.082663 -0.105170
v 0.030541 0.061455 0.081980
v 0.041619 0.068211 0.065346
v 0.050329 0.077055 0.045026
v 0.055554 0.081598 0.031089
v 0.059174 0.085776 0.016584
v 0.061313 0.090831 0.001276
v 0.059468 0.097023 -0.015049
v 0.058412 0.098914 -0.026789
v 0.057610 0.100848 -0.041157
v 0.056482 0.101547 -0.055587
v 0.055108 0.101831 -0.068036
v 0.053117 0.099349 -0.079782
v 0.050003 0.096728 -0.093539
v 0.047799 0.093837 -0.106562
v 0.029085 0.072146 0.075439
v 0.017578 0.062627 0.083925
v 0.017115 0.051685 0.089138
v 0.017103 0.048944 0.090179
v 0.016851 0.039818 0.094404
v 0.028373 0.049271 0.087479
v 0.028665 0.060958 0.080897
v 0.000000 0.014388 0.102202
v 0.006065 0.016543 0.100112
v 0.014778 0.019971 0.096519
v 0.030018 0.026900 0.087620
v 0.040404 0.032251 0.079180
v 0.051663 0.039515 0.066889
v 0.065249 0.048979 0.035092
v 0.070083 0.054751 0.021894
v 0.075076 0.062458 0.004945
v 0.073371 0.078866 -0.010061
v 0.073410 0.081528 -0.020035
v 0.073276 0.083306 -0.037140
v 0.072883 0.084160 -0.052832
v 0.072521 0.084190 -0.067242
v 0.070189 0.083031 -0.078053
v 0.066766 0.081033 -0.091063
v 0.063005 0.078858 -0.105340
v -0.015950 0.050113 0.091970
v -0.016862 0.064592 0.086094
v -0.015975 0.053716 0.092633
v -0.006097 0.042494 0.099578
v -0.029115 0.075610 0.075427
v -0.029717 0.097962 0.044101
v -0.029611 0.105306 0.029194
v -0.029235 0.118638 -0.031011
v -0.029528 0.087954 0.059721
v -0.029767 0.115396 0.000973
v -0.027922 0.119244 -0.055720
v -0.025941 0.116210 -0.078367
v -0.022389 0.107257 -0.108343
v -0.027238 0.119194 -0.066190
v -0.029447 0.117662 -0.015463
v -0.029901 0.111654 0.013433
v -0.028786 0.119294 -0.043611
v -0.007322 0.039041 0.098930
v -0.024145 0.111750 -0.093309
v -0.041608 0.082287 0.051289
v -0.044551 0.091454 0.033483
v -0.047802 0.095430 0.021272
v -0.050315 0.103296 -0.005499
v -0.049659 0.105798 -0.022978
v -0.049878 0.098765 0.008702
v -0.048796 0.107490 -0.034251
v -0.045290 0.109747 -0.058372
v -0.041794 0.107347 -0.081749
v -0.038738 0.100893 -0.107458
v -0.043760 0.110135 -0.068859
v -0.047037 0.109318 -0.046137
v -0.038849 0.104347 -0.096331
v -0.030937 0.074136 0.075242
v -0.030191 0.048747 0.088671
v -0.039949 0.052781 0.078049
v -0.015485 0.035559 0.097911
v -0.007654 0.030216 0.100881
v -0.007548 0.019690 0.102491
v -0.015485 0.035559 0.097911
v -0.015695 0.022911 0.099351
v -0.031102 0.030106 0.090331
v -0.041335 0.035543 0.081421
v -0.053833 0.061064 0.054912
v -0.052382 0.042501 0.068245
v -0.061518 0.066208 0.040010
v -0.065976 0.054085 0.041408
v -0.066782 0.071314 0.023642
v -0.071627 0.059390 0.025242
v -0.070960 0.076896 0.007541
v -0.076677 0.066255 0.008803
v -0.068432 0.087223 -0.007209
v -0.073813 0.082252 -0.007112
v -0.068028 0.090339 -0.019328
v -0.073583 0.085726 -0.018936
v -0.067859 0.091983 -0.036213
v -0.073421 0.087378 -0.035821
v -0.067338 0.092909 -0.052775
v -0.072945 0.088362 -0.052385
v -0.066281 0.093301 -0.067200
v -0.072109 0.088703 -0.066935
v -0.064525 0.091460 -0.077859
v -0.069751 0.087492 -0.077872
v -0.060938 0.089097 -0.090708
v -0.066164 0.085129 -0.090722
v -0.056799 0.086706 -0.105639
v -0.061878 0.082663 -0.105170
v -0.030541 0.061455 0.081980
v -0.041619 0.068211 0.065346
v -0.050329 0.077055 0.045026
v -0.055554 0.081598 0.031089
v -0.059174 0.085776 0.016584
v -0.061313 0.090831 0.001276
v -0.059468 0.097023 -0.015049
v -0.058412 0.098914 -0.026789
v -0.057610 0.100848 -0.041157
v -0.056482 0.101547 -0.055587
v -0.055108 0.101831 -0.068036
v -0.053117 0.099349 -0.079782
v -0.050003 0.096728 -0.093539
v -0.047799 0.093837 -0.106562
v -0.029085 0.072146 0.075439
v -0.017578 0.062627 0.083925
v -0.017115 0.051685 0.089138
v -0.017103 0.048944 0.090179
v -0.016851 0.039818 0.094404
v -0.028373 0.049271 0.087479
v -0.028665 0.060958 0.080897
v -0.006065 0.016543 0.100112
v -0.014778 0.019971 0.096519
v -0.030018 0.026900 0.087620
v -0.040404 0.032251 0.079180
v -0.051663 0.039515 0.066889
v -0.065249 0.048979 0.035092
v -0.070083 0.054751 0.021894
v -0.075076 0.062458 0.004945
v -0.073371 0.078866 -0.010061
v -0.073410 0.081528 -0.020035
v -0.073276 0.083306 -0.037140
v -0.072883 0.084160 -0.052832
v -0.072521 0.084190 -0.067242
v -0.070189 0.083031 -0.078053
v -0.066766 0.081033 -0.091063
v -0.063005 0.078858 -0.105340
vn -0.0000 0.9111 0.4122
vn 0.3343 0.8578 0.3903
vn 0.3342 0.8874 0.3176
vn -0.0000 0.9406 0.3395
vn 0.3263 0.9220 0.2084
vn -0.0000 0.9755 0.2200
vn 0.3170 0.9434 0.0972
vn -0.0000 0.9946 0.1037
vn -0.0000 0.7233 0.6905
vn 0.0827 0.7462 0.6605
vn 0.0716 0.8127 0.5782
vn -0.0000 0.8142 0.5805
vn -0.0000 0.5820 0.8132
vn -0.0000 0.4782 0.8783
vn 0.1205 0.4859 0.8656
vn 0.1085 0.5919 0.7987
vn -0.0000 0.4358 0.9001
vn 0.1201 0.4326 0.8935
vn -0.0000 0.8660 0.5000
vn 0.0778 0.8630 0.4993
vn -0.0000 0.9999 0.0165
vn 0.2976 0.9546 0.0104
vn 0.2883 0.9571 -0.0280
vn -0.0000 0.9998 -0.0182
vn 0.3096 0.9493 0.0555
vn -0.0000 0.9985 0.0541
vn -0.0000 0.9912 -0.1326
vn 0.2748 0.9519 -0.1356
vn 0.2518 0.9281 -0.2743
vn -0.0000 0.9621 -0.2727
vn -0.0000 0.9541 -0.2994
vn 0.2320 0.9260 -0.2978
vn 0.2142 0.9295 -0.3002
vn 0.1121 -0.1705 0.9790
vn -0.0000 -0.1716 0.9852
vn -0.0000 0.0470 0.9989
vn 0.1770 0.1774 0.9681
vn 0.6287 -0.0374 0.7767
vn 0.8120 0.0404 0.5822
vn 0.8910 0.0321 0.4529
vn 0.5947 0.6906 0.4115
vn 0.6151 0.6346 0.4680
vn 0.6552 0.5895 0.4724
vn 0.6215 0.6667 0.4114
vn 0.6241 0.7017 0.3437
vn 0.6193 0.7302 0.2885
vn 0.6031 0.7772 0.1799
vn 0.5832 0.8078 0.0853
vn 0.5049 0.8195 -0.2711
vn 0.4857 0.8279 -0.2806
vn 0.4938 0.8243 -0.2769
vn 0.5684 0.8209 0.0549
vn 0.5522 0.8337 -0.0004
vn 0.5409 0.8401 -0.0407
vn 0.5232 0.8375 -0.1576
vn 0.6879 0.5022 0.5240
vn 0.6190 0.6137 0.4901
vn 0.7138 0.4332 0.5503
vn 0.6683 0.4058 0.6235
vn 0.2091 0.1957 0.9581
vn 0.2464 0.3087 0.9187
vn -0.0000 0.1933 0.9811
vn -0.0000 0.1554 0.9878
vn 0.2188 0.1433 0.9652
vn 0.3586 0.1182 0.9260
vn 0.4138 0.1109 0.9036
vn 0.5388 0.1204 0.8338
vn 0.6135 0.2033 0.7631
vn 0.6859 0.3218 0.6526
vn 0.6842 0.1972 0.7021
vn 0.7401 0.2978 0.6030
vn 0.7452 0.3891 0.5416
vn 0.6933 0.5362 0.4814
vn 0.8058 0.3496 0.4781
vn 0.7736 0.4381 0.4578
vn 0.7038 0.5854 0.4026
vn 0.8273 0.3962 0.3983
vn 0.7850 0.4855 0.3849
vn 0.7064 0.6228 0.3363
vn 0.7960 0.4683 0.3835
vn 0.7476 0.5628 0.3525
vn 0.6772 0.6840 0.2713
vn 0.7140 0.6367 0.2912
vn 0.6769 0.6952 0.2418
vn 0.6529 0.7447 0.1381
vn 0.6399 0.7564 0.1352
vn 0.6413 0.7591 0.1121
vn 0.6349 0.7692 0.0723
vn 0.6334 0.7723 0.0489
vn 0.6342 0.7718 0.0457
vn 0.6293 0.7768 0.0246
vn 0.6293 0.7772 0.0039
vn 0.6290 0.7774 -0.0053
vn 0.6166 0.7867 -0.0297
vn 0.6168 0.7786 -0.1152
vn 0.6116 0.7801 -0.1317
vn 0.5997 0.7861 -0.1494
vn 0.5895 0.7649 -0.2595
vn 0.5884 0.7641 -0.2644
vn 0.5870 0.7637 -0.2686
vn 0.5848 0.7546 -0.2977
vn 0.5901 0.7530 -0.2912
vn 0.5946 0.7554 -0.2754
vn 0.5947 0.7482 -0.2942
vn 0.6004 0.7471 -0.2853
vn 0.6014 0.7530 -0.2670
vn 0.1032 0.0025 0.9947
vn 0.7076 -0.1817 0.6829
vn 0.8809 0.1153 0.4590
vn 0.9431 0.0468 0.3293
vn 0.9625 0.0800 0.2591
vn 0.8373 0.1941 0.5112
vn -0.3009 0.5842 0.7538
vn -0.3291 0.5618 0.7590
vn -0.1526 0.6852 0.7122
vn -0.4669 0.4235 0.7763
vn -0.4670 0.4235 0.7762
vn -0.4632 0.4158 0.7827
vn 0.4486 -0.6514 0.6119
vn 0.4652 -0.6599 0.5900
vn 0.4235 -0.6379 0.6432
vn 0.5430 -0.6547 0.5259
vn 0.5330 -0.6578 0.5321
vn 0.6404 -0.6000 0.4794
vn 0.6322 -0.6063 0.4824
vn 0.7372 -0.5066 0.4471
vn 0.7309 -0.5139 0.4491
vn 0.8304 -0.4317 0.3524
vn 0.8368 -0.4284 0.3410
vn 0.8960 -0.3931 0.2067
vn 0.8874 -0.3984 0.2319
vn 0.9060 -0.4024 0.1312
vn 0.9060 -0.3998 0.1389
vn 0.9689 -0.2344 -0.0789
vn 0.9625 -0.2667 -0.0499
vn 0.9911 -0.0685 -0.1141
vn 0.9882 -0.0690 -0.1365
vn 0.9994 -0.0257 -0.0213
vn 0.9994 -0.0281 -0.0189
vn 0.9985 -0.0512 -0.0201
vn 0.9986 -0.0498 -0.0195
vn 0.9993 0.0138 -0.0347
vn 0.9994 0.0110 -0.0341
vn 0.9876 0.0760 -0.1372
vn 0.9895 0.0721 -0.1255
vn 0.9600 0.1196 -0.2531
vn 0.9618 0.1168 -0.2474
vn 0.9395 0.1831 -0.2894
vn 0.9423 0.1719 -0.2874
vn 0.9289 0.2225 -0.2961
vn -0.3342 0.8874 0.3176
vn -0.3343 0.8578 0.3903
vn -0.3263 0.9220 0.2084
vn -0.3170 0.9434 0.0972
vn -0.0716 0.8127 0.5782
vn -0.0827 0.7462 0.6605
vn -0.1085 0.5919 0.7987
vn -0.1205 0.4859 0.8656
vn -0.1201 0.4326 0.8935
vn -0.0778 0.8630 0.4993
vn -0.2883 0.9571 -0.0280
vn -0.2976 0.9546 0.0104
vn -0.3096 0.9493 0.0555
vn -0.2518 0.9281 -0.2743
vn -0.2748 0.9519 -0.1356
vn -0.2142 0.9295 -0.3002
vn -0.2320 0.9260 -0.2978
vn -0.1121 -0.1705 0.9790
vn -0.1770 0.1774 0.9681
vn -0.6287 -0.0374 0.7767
vn -0.8910 0.0321 0.4529
vn -0.8120 0.0404 0.5822
vn -0.5947 0.6906 0.4115
vn -0.6215 0.6667 0.4114
vn -0.6552 0.5895 0.4724
vn -0.6151 0.6346 0.4680
vn -0.6193 0.7302 0.2885
vn -0.6241 0.7017 0.3437
vn -0.5832 0.8078 0.0853
vn -0.6031 0.7772 0.1799
vn -0.4857 0.8279 -0.2806
vn -0.5049 0.8195 -0.2711
vn -0.4938 0.8243 -0.2769
vn -0.5522 0.8337 -0.0004
vn -0.5684 0.8209 0.0549
vn -0.5409 0.8401 -0.0407
vn -0.5232 0.8375 -0.1576
vn -0.6879 0.5022 0.5240
vn -0.6190 0.6137 0.4901
vn -0.7138 0.4332 0.5503
vn -0.6683 0.4058 0.6235
vn -0.2091 0.1957 0.9581
vn -0.2464 0.3087 0.9187
vn -0.2188 0.1433 0.9652
vn -0.4138 0.1109 0.9036
vn -0.3586 0.1182 0.9260
vn -0.6135 0.2033 0.7631
vn -0.5388 0.1204 0.8338
vn -0.6859 0.3218 0.6526
vn -0.6842 0.1972 0.7021
vn -0.7452 0.3891 0.5416
vn -0.7401 0.2978 0.6030
vn -0.6933 0.5362 0.4814
vn -0.7736 0.4381 0.4578
vn -0.8058 0.3496 0.4781
vn -0.7038 0.5854 0.4026
vn -0.7850 0.4855 0.3849
vn -0.8273 0.3962 0.3983
vn -0.7064 0.6228 0.3363
vn -0.7476 0.5628 0.3525
vn -0.7960 0.4683 0.3835
vn -0.6772 0.6840 0.2713
vn -0.6769 0.6952 0.2418
vn -0.7140 0.6367 0.2912
vn -0.6529 0.7447 0.1381
vn -0.6413 0.7591 0.1121
vn -0.6399 0.7564 0.1352
vn -0.6349 0.7692 0.0723
vn -0.6342 0.7718 0.0457
vn -0.6334 0.7723 0.0489
vn -0.6293 0.7768 0.0246
vn -0.6290 0.7774 -0.0053
vn -0.6293 0.7772 0.0039
vn -0.6166 0.7867 -0.0297
vn -0.6116 0.7801 -0.1317
vn -0.6168 0.7786 -0.1152
vn -0.5997 0.7861 -0.1494
vn -0.5884 0.7641 -0.2644
vn -0.5895 0.7649 -0.2595
vn -0.5870 0.7637 -0.2686
vn -0.5901 0.7530 -0.2912
vn -0.5848 0.7546 -0.2977
vn -0.5946 0.7554 -0.2754
vn -0.6004 0.7471 -0.2853
vn -0.5947 0.7482 -0.2942
vn -0.6014 0.7530 -0.2670
vn -0.1032 0.0025 0.9947
vn -0.7076 -0.1817 0.6829
vn -0.9431 0.0468 0.3293
vn -0.8809 0.1153 0.4590
vn -0.9625 0.0800 0.2591
vn -0.8373 0.1941 0.5112
vn 0.3009 0.5842 0.7538
vn 0.1526 0.6852 0.7122
vn 0.3291 0.5618 0.7590
vn 0.4669 0.4235 0.7763
vn 0.4670 0.4235 0.7762
vn 0.4632 0.4158 0.7827
vn -0.4486 -0.6514 0.6119
vn -0.4235 -0.6379 0.6432
vn -0.4652 -0.6599 0.5900
vn -0.5430 -0.6547 0.5259
vn -0.5330 -0.6578 0.5321
vn -0.6404 -0.6000 0.4794
vn -0.6322 -0.6063 0.4824
vn -0.7372 -0.5066 0.4471
vn -0.7309 -0.5139 0.4491
vn -0.8304 -0.4317 0.3524
vn -0.8368 -0.4284 0.3410
vn -0.8960 -0.3931 0.2067
vn -0.8874 -0.3984 0.2319
vn -0.9060 -0.4024 0.1312
vn -0.9060 -0.3998 0.1389
vn -0.9689 -0.2344 -0.0789
vn -0.9625 -0.2667 -0.0499
vn -0.9911 -0.0685 -0.1141
vn -0.9882 -0.0690 -0.1365
vn -0.9994 -0.0257 -0.0213
vn -0.9986 -0.0498 -0.0195
vn -0.9985 -0.0512 -0.0201
vn -0.9994 -0.0281 -0.0189
vn -0.9993 0.0138 -0.0347
vn -0.9994 0.0110 -0.0341
vn -0.9876 0.0760 -0.1372
vn -0.9895 0.0721 -0.1255
vn -0.9600 0.1196 -0.2531
vn -0.9618 0.1168 -0.2474
vn -0.9395 0.1831 -0.2894
vn -0.9423 0.1719 -0.2874
vn -0.9289 0.2225 -0.2961
vt 1.000000 1.000000
vt 0.000000 0.000000
vt 0.000000 1.000000
s 1
f 2/1/1 14/2/2 31/2/3 30/1/4
f 19/2/5 18/1/6 30/1/4 31/2/3
f 19/2/5 29/2/7 28/1/8 18/1/6
f 5/2/9 12/2/10 17/2/11 16/1/12
f 7/1/13 9/1/14 8/3/15 6/3/16
f 9/1/14 11/1/17 10/3/18 8/3/15
f 1/1/19 16/1/12 17/2/11 13/2/20
f 6/3/16 12/2/10 5/2/9 7/1/13
f 34/1/21 33/2/22 21/2/23 20/1/24
f 15/2/25 33/2/22 34/1/21 3/1/26
f 27/1/27 26/2/28 23/2/29 22/1/30
f 37/1/31 36/2/32 25/2/33 24/1/31
f 21/2/23 26/2/28 27/1/27 20/1/24
f 15/2/25 3/1/26 28/1/8 29/2/7
f 23/2/29 36/2/32 37/1/31 22/1/30
f 10/3/34 11/1/35 32/2/36 35/2/37
f 35/2/38 4/2/39 8/3/40 10/3/38
f 14/2/2 2/1/1 1/1/19 13/2/20
f 13/2/41 17/2/42 38/2/43 39/2/44
f 14/2/2 40/2/45 43/2/46 31/2/3
f 19/2/5 41/2/47 42/2/48 29/2/7
f 31/2/3 43/2/46 41/2/47 19/2/5
f 23/2/29 46/2/49 50/2/50 36/2/32
f 36/2/32 50/2/50 47/2/51 25/2/33
f 15/2/25 44/2/52 49/2/53 33/2/22
f 33/2/22 49/2/53 45/2/54 21/2/23
f 21/2/23 45/2/54 48/2/55 26/2/28
f 26/2/28 48/2/55 46/2/49 23/2/29
f 15/2/25 29/2/7 42/2/48 44/2/52
f 14/2/2 13/2/41 39/2/44 40/2/45
f 51/2/56 38/2/43 17/2/42 12/2/57
f 88/2/58 38/2/43 51/2/56 87/2/59
f 55/2/60 54/2/61 4/2/61 35/2/37
f 32/2/36 58/2/62 55/2/60 35/2/37
f 58/2/62 56/2/63 57/2/64 55/2/60
f 57/2/64 60/2/65 59/2/66 55/2/60
f 60/2/65 61/2/67 52/2/68 59/2/66
f 53/2/69 52/2/68 61/2/67 62/2/70
f 62/2/70 64/2/71 63/2/72 53/2/69
f 89/2/73 88/2/58 53/2/69 63/2/72
f 64/2/71 66/2/74 65/2/75 63/2/72
f 90/2/76 89/2/73 63/2/72 65/2/75
f 66/2/74 68/2/77 67/2/78 65/2/75
f 91/2/79 90/2/76 65/2/75 67/2/78
f 68/2/77 70/2/80 69/2/81 67/2/78
f 92/2/82 91/2/79 67/2/78 69/2/81
f 70/2/80 72/2/83 71/2/84 69/2/81
f 93/2/85 92/2/82 69/2/81 71/2/84
f 72/2/83 74/2/86 73/2/87 71/2/84
f 94/2/88 93/2/85 71/2/84 73/2/87
f 74/2/86 76/2/89 75/2/90 73/2/87
f 95/2/91 94/2/88 73/2/87 75/2/90
f 76/2/89 78/2/92 77/2/93 75/2/90
f 96/2/94 95/2/91 75/2/90 77/2/93
f 78/2/92 80/2/95 79/2/96 77/2/93
f 97/2/97 96/2/94 77/2/93 79/2/96
f 80/2/95 82/2/98 81/2/99 79/2/96
f 98/2/100 97/2/97 79/2/96 81/2/99
f 82/2/98 84/2/101 83/2/102 81/2/99
f 99/2/103 98/2/100 81/2/99 83/2/102
f 84/2/101 86/2/104 85/2/105 83/2/102
f 100/2/106 99/2/103 83/2/102 85/2/105
f 47/2/51 50/2/50 99/2/103 100/2/106
f 50/2/50 46/2/49 98/2/100 99/2/103
f 46/2/49 48/2/55 97/2/97 98/2/100
f 48/2/55 45/2/54 96/2/94 97/2/97
f 45/2/54 49/2/53 95/2/91 96/2/94
f 49/2/53 44/2/52 94/2/88 95/2/91
f 44/2/52 42/2/48 93/2/85 94/2/88
f 42/2/48 41/2/47 92/2/82 93/2/85
f 41/2/47 43/2/46 91/2/79 92/2/82
f 43/2/46 40/2/45 90/2/76 91/2/79
f 40/2/45 39/2/44 89/2/73 90/2/76
f 39/2/44 38/2/43 88/2/58 89/2/73
f 53/2/69 88/2/58 87/2/59 52/2/68
f 51/2/107 12/2/107 101/2/107
f 102/2/108 101/2/108 12/2/108 6/3/108
f 4/2/39 104/2/109 103/2/110 8/3/40
f 8/3/40 103/2/110 102/2/111 6/3/111
f 104/2/109 4/2/39 59/2/112 105/2/112
f 52/2/113 106/2/114 105/2/115 59/2/115
f 107/2/116 106/2/114 52/2/113 87/2/117
f 87/2/117 51/2/118 101/2/118 107/2/116
f 109/2/119 57/2/120 56/2/121 108/2/121
f 60/2/122 57/2/120 109/2/119 110/2/123
f 61/2/124 60/2/122 110/2/123 111/2/125
f 62/2/126 61/2/124 111/2/125 112/2/127
f 113/2/128 64/2/129 62/2/126 112/2/127
f 114/2/130 66/2/131 64/2/129 113/2/128
f 115/2/132 68/2/133 66/2/131 114/2/130
f 116/2/134 70/2/135 68/2/133 115/2/132
f 117/2/136 72/2/137 70/2/135 116/2/134
f 119/2/138 76/2/139 74/2/140 118/2/141
f 74/2/140 72/2/137 117/2/136 118/2/141
f 120/2/142 78/2/143 76/2/139 119/2/138
f 121/2/144 80/2/145 78/2/143 120/2/142
f 122/2/146 82/2/147 80/2/145 121/2/144
f 123/2/148 84/2/149 82/2/147 122/2/146
f 124/2/150 86/2/150 84/2/149 123/2/148
f 2/1/1 30/1/4 140/2/151 131/2/152
f 134/2/153 140/2/151 30/1/4 18/1/6
f 134/2/153 18/1/6 28/1/8 139/2/154
f 5/2/9 16/1/12 133/2/155 129/2/156
f 7/1/13 126/3/157 127/3/158 9/1/14
f 9/1/14 127/3/158 128/3/159 11/1/17
f 1/1/19 130/2/160 133/2/155 16/1/12
f 126/3/157 7/1/13 5/2/9 129/2/156
f 34/1/21 20/1/24 135/2/161 141/2/162
f 132/2/163 3/1/26 34/1/21 141/2/162
f 27/1/27 22/1/30 136/2/164 138/2/165
f 37/1/31 24/1/31 137/2/166 143/2/167
f 135/2/161 20/1/24 27/1/27 138/2/165
f 132/2/163 139/2/154 28/1/8 3/1/26
f 136/2/164 22/1/30 37/1/31 143/2/167
f 128/3/168 142/2/169 32/2/36 11/1/35
f 142/2/170 128/3/170 127/3/171 125/2/172
f 131/2/152 130/2/160 1/1/19 2/1/1
f 130/2/173 145/2/174 144/2/175 133/2/176
f 131/2/152 140/2/151 149/2/177 146/2/178
f 134/2/153 139/2/154 148/2/179 147/2/180
f 140/2/151 134/2/153 147/2/180 149/2/177
f 136/2/164 143/2/167 156/2/181 152/2/182
f 143/2/167 137/2/166 153/2/183 156/2/181
f 132/2/163 141/2/162 155/2/184 150/2/185
f 141/2/162 135/2/161 151/2/186 155/2/184
f 135/2/161 138/2/165 154/2/187 151/2/186
f 138/2/165 136/2/164 152/2/182 154/2/187
f 132/2/163 150/2/185 148/2/179 139/2/154
f 131/2/152 146/2/178 145/2/174 130/2/173
f 157/2/188 129/2/189 133/2/176 144/2/175
f 192/2/190 191/2/191 157/2/188 144/2/175
f 161/2/192 142/2/169 125/2/193 160/2/193
f 32/2/36 142/2/169 161/2/192 58/2/62
f 58/2/62 161/2/192 162/2/194 56/2/63
f 162/2/194 161/2/192 163/2/195 164/2/196
f 164/2/196 163/2/195 158/2/197 165/2/198
f 159/2/199 166/2/200 165/2/198 158/2/197
f 166/2/200 159/2/199 167/2/201 168/2/202
f 193/2/203 167/2/201 159/2/199 192/2/190
f 168/2/202 167/2/201 169/2/204 170/2/205
f 194/2/206 169/2/204 167/2/201 193/2/203
f 170/2/205 169/2/204 171/2/207 172/2/208
f 195/2/209 171/2/207 169/2/204 194/2/206
f 172/2/208 171/2/207 173/2/210 174/2/211
f 196/2/212 173/2/210 171/2/207 195/2/209
f 174/2/211 173/2/210 175/2/213 176/2/214
f 197/2/215 175/2/213 173/2/210 196/2/212
f 176/2/214 175/2/213 177/2/216 178/2/217
f 198/2/218 177/2/216 175/2/213 197/2/215
f 178/2/217 177/2/216 179/2/219 180/2/220
f 199/2/221 179/2/219 177/2/216 198/2/218
f 180/2/220 179/2/219 181/2/222 182/2/223
f 200/2/224 181/2/222 179/2/219 199/2/221
f 182/2/223 181/2/222 183/2/225 184/2/226
f 201/2/227 183/2/225 181/2/222 200/2/224
f 184/2/226 183/2/225 185/2/228 186/2/229
f 202/2/230 185/2/228 183/2/225 201/2/227
f 186/2/229 185/2/228 187/2/231 188/2/232
f 203/2/233 187/2/231 185/2/228 202/2/230
f 188/2/232 187/2/231 189/2/234 190/2/235
f 204/2/236 189/2/234 187/2/231 203/2/233
f 153/2/183 204/2/236 203/2/233 156/2/181
f 156/2/181 203/2/233 202/2/230 152/2/182
f 152/2/182 202/2/230 201/2/227 154/2/187
f 154/2/187 201/2/227 200/2/224 151/2/186
f 151/2/186 200/2/224 199/2/221 155/2/184
f 155/2/184 199/2/221 198/2/218 150/2/185
f 150/2/185 198/2/218 197/2/215 148/2/179
f 148/2/179 197/2/215 196/2/212 147/2/180
f 147/2/180 196/2/212 195/2/209 149/2/177
f 149/2/177 195/2/209 194/2/206 146/2/178
f 146/2/178 194/2/206 193/2/203 145/2/174
f 145/2/174 193/2/203 192/2/190 144/2/175
f 159/2/199 158/2/197 191/2/191 192/2/190
f 157/2/237 205/2/237 129/2/237
f 206/2/238 126/3/238 129/2/238 205/2/238
f 125/2/172 127/3/171 207/2/239 208/2/240
f 127/3/171 126/3/241 206/2/241 207/2/239
f 208/2/240 209/2/242 163/2/242 125/2/172
f 158/2/243 163/2/244 209/2/244 210/2/245
f 211/2/246 191/2/247 158/2/243 210/2/245
f 191/2/247 211/2/246 205/2/248 157/2/248
f 212/2/249 108/2/250 56/2/250 162/2/251
f 164/2/252 213/2/253 212/2/249 162/2/251
f 165/2/254 214/2/255 213/2/253 164/2/252
f 166/2/256 215/2/257 214/2/255 165/2/254
f 216/2/258 215/2/257 166/2/256 168/2/259
f 217/2/260 216/2/258 168/2/259 170/2/261
f 218/2/262 217/2/260 170/2/261 172/2/263
f 219/2/264 218/2/262 172/2/263 174/2/265
f 220/2/266 219/2/264 174/2/265 176/2/267
f 222/2/268 221/2/269 178/2/270 180/2/271
f 178/2/270 221/2/269 220/2/266 176/2/267
f 223/2/272 222/2/268 180/2/271 182/2/273
f 224/2/274 223/2/272 182/2/273 184/2/275
f 225/2/276 224/2/274 184/2/275 186/2/277
f 226/2/278 225/2/276 186/2/277 188/2/279
f 227/2/280 226/2/278 188/2/279 190/2/280
l 54 59
l 160 163
o Vyse2.002
v 0.104494 0.009891 -0.076635
v 0.103614 0.001964 -0.084700
v 0.102211 0.009443 -0.076662
v 0.105751 0.001652 -0.084314
v 0.091925 0.011585 -0.003337
v 0.102211 0.009443 -0.076662
v 0.094055 0.011404 -0.001709
v 0.091038 0.010188 -0.000150
v 0.105522 0.003153 -0.062621
v 0.093159 -0.038346 -0.026921
v 0.103614 0.001964 -0.084700
v 0.090770 -0.038285 -0.026948
v 0.089847 -0.040455 -0.022706
v 0.091976 -0.040950 -0.021647
v 0.083053 -0.043354 0.009341
v 0.098409 -0.022343 -0.023088
v 0.097535 0.002707 0.000020
v 0.093182 -0.026349 0.003746
v 0.085240 -0.043712 0.010113
v 0.085141 -0.024318 0.022791
v 0.083017 -0.024095 0.021938
v 0.092680 -0.017803 0.011299
v 0.093115 0.009610 0.001205
v 0.090546 0.008175 0.000165
v 0.091038 0.010188 -0.000150
v 0.091925 0.011585 -0.003337
v 0.083017 -0.024095 0.021938
v 0.097310 0.007950 -0.042578
v 0.084180 -0.021708 0.015817
v 0.083053 -0.043354 0.009341
v 0.088277 0.007494 -0.001560
v 0.084337 -0.039343 0.003724
v 0.089847 -0.040455 -0.022706
v 0.080684 -0.020222 0.012621
v 0.090144 -0.036626 -0.024277
v 0.090770 -0.038285 -0.026948
v 0.080901 -0.037241 0.001030
v 0.086281 -0.035347 -0.024185
v 0.101468 0.000862 -0.074585
v 0.103614 0.001964 -0.084700
v 0.102211 0.009443 -0.076662
v 0.098056 -0.000241 -0.072999
v 0.100030 0.006537 -0.063117
v 0.096639 0.006067 -0.062300
v 0.093132 0.007183 -0.041498
v -0.104494 0.009891 -0.076635
v -0.103614 0.001964 -0.084700
v -0.102211 0.009443 -0.076662
v -0.105751 0.001652 -0.084314
v -0.091925 0.011585 -0.003337
v -0.102211 0.009443 -0.076662
v -0.094055 0.011404 -0.001709
v -0.091038 0.010188 -0.000150
v -0.105522 0.003153 -0.062621
v -0.093159 -0.038346 -0.026921
v -0.103614 0.001964 -0.084700
v -0.090770 -0.038285 -0.026948
v -0.089847 -0.040455 -0.022706
v -0.091976 -0.040950 -0.021647
v -0.083053 -0.043354 0.009341
v -0.098409 -0.022343 -0.023088
v -0.097535 0.002707 0.000020
v -0.093182 -0.026349 0.003746
v -0.085240 -0.043712 0.010113
v -0.085141 -0.024318 0.022791
v -0.083017 -0.024095 0.021938
v -0.092680 -0.017803 0.011299
v -0.093115 0.009610 0.001205
v -0.090546 0.008175 0.000165
v -0.091038 0.010188 -0.000150
v -0.091925 0.011585 -0.003337
v -0.083017 -0.024095 0.021938
v -0.097310 0.007950 -0.042578
v -0.084180 -0.021708 0.015817
v -0.083053 -0.043354 0.009341
v -0.088277 0.007494 -0.001560
v -0.084337 -0.039343 0.003724
v -0.089847 -0.040455 -0.022706
v -0.080684 -0.020222 0.012621
v -0.090144 -0.036626 -0.024277
v -0.090770 -0.038285 -0.026948
v -0.080901 -0.037241 0.001030
v -0.086281 -0.035347 -0.024185
v -0.101468 0.000862 -0.074585
v -0.103614 0.001964 -0.084700
v -0.102211 0.009443 -0.076662
v -0.098056 -0.000241 -0.072999
v -0.100030 0.006537 -0.063117
v -0.096639 0.006067 -0.062300
v -0.093132 0.007183 -0.041498
vn 0.7048 0.7094 -0.0046
vn 0.0517 0.7098 -0.7025
vn 0.0431 0.7111 -0.7017
vn 0.8563 -0.4635 -0.2279
vn -0.0537 0.9985 -0.0113
vn -0.0514 0.9981 -0.0328
vn 0.8323 0.5417 0.1177
vn -0.2815 0.6163 0.7355
vn 0.9980 -0.0078 0.0629
vn 0.8750 -0.4652 -0.1340
vn -0.0158 -0.8187 -0.5740
vn -0.0158 -0.8246 -0.5654
vn -0.1166 -0.9757 -0.1854
vn 0.8768 -0.4661 0.1185
vn -0.2601 -0.9299 0.2601
vn 0.9735 -0.2120 0.0864
vn 0.9562 0.1275 0.2634
vn 0.9460 -0.2444 0.2129
vn 0.8378 -0.4681 0.2811
vn 0.6772 -0.0708 0.7324
vn -0.3764 0.2066 0.9031
vn 0.9182 -0.0549 0.3924
vn 0.3602 0.4616 0.8106
vn -0.8241 0.5422 0.1643
vn -0.9790 0.1658 -0.1185
vn -0.9619 0.2287 -0.1498
vn -0.9837 0.1104 -0.1420
vn -0.7323 0.6693 -0.1260
vn -0.9780 0.1025 0.1814
vn -0.9831 0.0787 -0.1653
vn -0.9488 0.3058 -0.0784
vn -0.9750 -0.2202 -0.0314
vn -0.9787 0.0079 -0.2053
vn -0.9859 0.1577 -0.0552
vn -0.7244 -0.5392 -0.4295
vn -0.9771 0.0079 -0.2128
vn -0.9874 -0.0079 -0.1581
vn -0.9629 -0.0710 -0.2605
vn -0.9429 -0.0824 -0.3227
vn -0.9800 0.0237 -0.1976
vn -0.9838 0.0467 -0.1730
vn -0.8769 -0.2054 -0.4346
vn -0.7655 0.5918 -0.2525
vn -0.9667 0.1728 -0.1886
vn -0.9636 0.2212 -0.1501
vn -0.7047 0.7095 -0.0047
vn -0.0431 0.7111 -0.7017
vn -0.0517 0.7098 -0.7025
vn -0.8563 -0.4635 -0.2279
vn 0.0537 0.9985 -0.0112
vn 0.0514 0.9981 -0.0328
vn -0.8323 0.5417 0.1178
vn 0.2815 0.6164 0.7354
vn -0.9980 -0.0078 0.0629
vn -0.8750 -0.4652 -0.1340
vn 0.0158 -0.8187 -0.5740
vn 0.0158 -0.8246 -0.5654
vn 0.1166 -0.9757 -0.1854
vn -0.8768 -0.4661 0.1186
vn 0.2601 -0.9299 0.2601
vn -0.9735 -0.2120 0.0864
vn -0.9562 0.1275 0.2635
vn -0.9460 -0.2445 0.2128
vn -0.8378 -0.4681 0.2810
vn -0.6772 -0.0708 0.7324
vn 0.3764 0.2066 0.9031
vn -0.9182 -0.0549 0.3924
vn -0.3602 0.4617 0.8106
vn 0.8241 0.5421 0.1643
vn 0.9619 0.2287 -0.1498
vn 0.9790 0.1658 -0.1185
vn 0.9837 0.1104 -0.1420
vn 0.7323 0.6693 -0.1260
vn 0.9780 0.1025 0.1814
vn 0.9831 0.0787 -0.1653
vn 0.9488 0.3058 -0.0784
vn 0.9750 -0.2202 -0.0314
vn 0.9787 0.0079 -0.2053
vn 0.9859 0.1578 -0.0552
vn 0.7244 -0.5392 -0.4295
vn 0.9771 0.0079 -0.2128
vn 0.9874 -0.0079 -0.1580
vn 0.9629 -0.0710 -0.2605
vn 0.9429 -0.0824 -0.3227
vn 0.9800 0.0237 -0.1976
vn 0.9838 0.0467 -0.1730
vn 0.8769 -0.2054 -0.4346
vn 0.7655 0.5918 -0.2525
vn 0.9667 0.1729 -0.1885
vn 0.9636 0.2212 -0.1500
vt 0.758301 0.944489
vt 0.764648 0.935486
vt 0.759766 0.945862
vt 0.761230 0.937073
vt 0.705078 0.971481
vt 0.703125 0.969971
vt 0.699707 0.971954
vt 0.746582 0.944092
vt 0.708008 0.923096
vt 0.708008 0.921204
vt 0.703125 0.920410
vt 0.702637 0.922424
vt 0.674805 0.928040
vt 0.709961 0.936829
vt 0.700195 0.963043
vt 0.687988 0.941315
vt 0.675781 0.929443
vt 0.671387 0.950256
vt 0.669922 0.950836
vt 0.684082 0.951630
vt 0.700195 0.969818
vt 0.901367 0.965790
vt 0.902832 0.963806
vt 0.898926 0.963654
vt 0.922852 0.975464
vt 0.878906 0.978119
vt 0.918945 0.976105
vt 0.922363 0.989639
vt 0.901367 0.967438
vt 0.917969 0.989395
vt 0.904785 0.998497
vt 0.916504 0.977127
vt 0.902832 0.997086
vt 0.901855 0.998711
vt 0.915527 0.988319
vt 0.902832 0.994793
vt 0.866699 0.994251
vt 0.861328 0.996885
vt 0.861816 0.990746
vt 0.868164 0.992935
vt 0.869141 0.986320
vt 0.871094 0.986908
vt 0.880859 0.979630
s 1
usemtl TP_Nox_S0_MI.002
f 228/4/281 229/5/282 230/6/283
f 229/5/282 228/4/281 231/7/284
f 232/8/285 228/4/281 233/6/286
f 228/4/281 232/8/285 234/9/287
f 232/8/285 235/10/288 234/9/287
f 236/11/289 231/7/284 228/4/281
f 234/9/287 236/11/289 228/4/281
f 236/11/289 237/12/290 231/7/284
f 231/7/284 237/12/290 238/5/291
f 239/13/292 238/5/291 237/12/290
f 237/12/290 240/14/293 239/13/292
f 240/14/293 237/12/290 241/15/294
f 242/16/295 240/14/293 241/15/294
f 237/12/290 236/11/289 243/17/296
f 243/17/296 241/15/294 237/12/290
f 244/18/297 243/17/296 236/11/289
f 236/11/289 234/9/287 244/18/297
f 245/19/298 241/15/294 243/17/296
f 245/19/298 243/17/296 244/18/297
f 242/16/295 241/15/294 246/20/299
f 241/15/294 245/19/298 246/20/299
f 247/21/300 242/16/295 246/20/299
f 245/19/298 247/21/300 246/20/299
f 242/16/295 247/21/300 248/22/301
f 247/21/300 235/10/288 248/22/301
f 244/18/297 249/23/302 245/19/298
f 247/21/300 245/19/298 249/23/302
f 250/24/303 249/23/302 244/18/297
f 249/23/302 250/24/303 247/21/300
f 235/10/288 247/21/300 250/24/303
f 234/9/287 250/24/303 244/18/297
f 235/10/288 250/24/303 234/9/287
f 251/25/304 252/26/305 253/27/306
f 254/28/307 252/26/305 251/25/304
f 253/27/306 255/29/308 251/25/304
f 254/28/307 251/25/304 256/30/309
f 257/31/310 254/28/307 256/30/309
f 251/25/304 255/29/308 258/32/311
f 258/32/311 256/30/309 251/25/304
f 256/30/309 259/33/312 257/31/310
f 260/34/313 257/31/310 259/33/312
f 256/30/309 258/32/311 261/35/314
f 261/35/314 259/33/312 256/30/309
f 259/33/312 262/36/315 260/34/313
f 263/37/316 260/34/313 262/36/315
f 259/33/312 261/35/314 264/38/317
f 264/38/317 262/36/315 259/33/312
f 261/35/314 265/39/318 264/38/317
f 262/36/315 264/38/317 265/39/318
f 258/32/311 265/39/318 261/35/314
f 266/40/319 263/37/316 262/36/315
f 267/41/320 263/37/316 266/40/319
f 267/41/320 266/40/319 268/42/321
f 266/40/319 262/36/315 269/43/322
f 265/39/318 269/43/322 262/36/315
f 266/40/319 270/44/323 268/42/321
f 270/44/323 266/40/319 269/43/322
f 268/42/321 270/44/323 255/29/308
f 269/43/322 271/45/324 270/44/323
f 255/29/308 270/44/323 271/45/324
f 265/39/318 271/45/324 269/43/322
f 271/45/324 272/46/325 255/29/308
f 271/45/324 265/39/318 272/46/325
f 258/32/311 255/29/308 272/46/325
f 258/32/311 272/46/325 265/39/318
f 273/4/326 275/6/327 274/5/328
f 274/5/328 276/7/329 273/4/326
f 277/8/330 278/6/331 273/4/326
f 273/4/326 279/9/332 277/8/330
f 277/8/330 279/9/332 280/10/333
f 281/11/334 273/4/326 276/7/329
f 279/9/332 273/4/326 281/11/334
f 281/11/334 276/7/329 282/12/335
f 276/7/329 283/5/336 282/12/335
f 284/13/337 282/12/335 283/5/336
f 282/12/335 284/13/337 285/14/338
f 285/14/338 286/15/339 282/12/335
f 287/16/340 286/15/339 285/14/338
f 282/12/335 288/17/341 281/11/334
f 288/17/341 282/12/335 286/15/339
f 289/18/342 281/11/334 288/17/341
f 281/11/334 289/18/342 279/9/332
f 290/19/343 288/17/341 286/15/339
f 290/19/343 289/18/342 288/17/341
f 287/16/340 291/20/344 286/15/339
f 286/15/339 291/20/344 290/19/343
f 292/21/345 291/20/344 287/16/340
f 290/19/343 291/20/344 292/21/345
f 287/16/340 293/22/346 292/21/345
f 292/21/345 293/22/346 280/10/333
f 289/18/342 290/19/343 294/23/347
f 292/21/345 294/23/347 290/19/343
f 295/24/348 289/18/342 294/23/347
f 294/23/347 292/21/345 295/24/348
f 280/10/333 295/24/348 292/21/345
f 279/9/332 289/18/342 295/24/348
f 280/10/333 279/9/332 295/24/348
f 296/25/349 298/27/350 297/26/351
f 299/28/352 296/25/349 297/26/351
f 298/27/350 296/25/349 300/29/353
f 299/28/352 301/30/354 296/25/349
f 302/31/355 301/30/354 299/28/352
f 296/25/349 303/32/356 300/29/353
f 303/32/356 296/25/349 301/30/354
f 301/30/354 302/31/355 304/33/357
f 305/34/358 304/33/357 302/31/355
f 301/30/354 306/35/359 303/32/356
f 306/35/359 301/30/354 304/33/357
f 304/33/357 305/34/358 307/36/360
f 308/37/361 307/36/360 305/34/358
f 304/33/357 309/38/362 306/35/359
f 309/38/362 304/33/357 307/36/360
f 306/35/359 309/38/362 310/39/363
f 307/36/360 310/39/363 309/38/362
f 303/32/356 306/35/359 310/39/363
f 311/40/364 307/36/360 308/37/361
f 312/41/365 311/40/364 308/37/361
f 312/41/365 313/42/366 311/40/364
f 311/40/364 314/43/367 307/36/360
f 310/39/363 307/36/360 314/43/367
f 311/40/364 313/42/366 315/44/368
f 315/44/368 314/43/367 311/40/364
f 313/42/366 300/29/353 315/44/368
f 314/43/367 315/44/368 316/45/369
f 300/29/353 316/45/369 315/44/368
f 310/39/363 314/43/367 316/45/369
f 316/45/369 300/29/353 317/46/370
f 316/45/369 317/46/370 310/39/363
f 303/32/356 317/46/370 300/29/353
f 303/32/356 310/39/363 317/46/370
o Vyse2.003
v 0.093649 0.030065 -0.015401
v 0.094844 0.021123 -0.006354
v 0.094331 0.022408 -0.004333
v 0.084311 0.077944 -0.028681
v 0.099489 0.034216 -0.061143
v 0.084922 0.075763 -0.032378
v 0.083626 0.081441 -0.031501
v 0.097158 0.041759 -0.060211
v 0.099273 0.037566 -0.066379
v 0.082934 0.113169 -0.087034
v 0.081750 0.118154 -0.086190
v 0.080906 0.070491 -0.034891
v 0.081109 0.149141 -0.140469
v 0.079875 0.154867 -0.140880
v 0.079599 0.107641 -0.087172
v 0.078291 0.144790 -0.139453
v 0.083130 0.147173 -0.151451
v 0.083047 0.153195 -0.161151
v 0.096912 0.071516 -0.110137
v 0.078437 0.143372 -0.145190
v 0.088492 0.070921 -0.098798
v 0.095334 0.071446 -0.100217
v 0.090864 0.040943 -0.059272
v 0.091879 0.030766 -0.017258
v 0.099489 0.034216 -0.061143
v 0.099273 0.037566 -0.066379
v 0.102846 0.037626 -0.067198
v 0.096912 0.071516 -0.110137
v 0.103023 0.033796 -0.060044
v 0.094844 0.021123 -0.006354
v 0.100405 0.071394 -0.110727
v 0.097848 0.020357 -0.003359
v 0.094331 0.022408 -0.004333
v 0.107614 0.058265 -0.055677
v 0.102273 0.045123 -0.011703
v 0.097296 0.021936 -0.002027
v 0.087433 0.078783 -0.027340
v 0.084311 0.077944 -0.028681
v 0.083626 0.081441 -0.031501
v 0.095118 0.079890 -0.028780
v 0.086603 0.082831 -0.029977
v 0.084597 0.118563 -0.083371
v 0.081750 0.118154 -0.086190
v 0.090756 0.116187 -0.084001
v 0.082451 0.156780 -0.140477
v 0.079875 0.154867 -0.140880
v 0.083047 0.153195 -0.161151
v 0.086395 0.152482 -0.139221
v 0.103647 0.087527 -0.101834
v 0.088282 0.152122 -0.157089
v 0.086729 0.153549 -0.162861
v 0.086114 0.155915 -0.163531
v -0.093649 0.030065 -0.015401
v -0.094844 0.021123 -0.006354
v -0.094331 0.022408 -0.004333
v -0.084311 0.077944 -0.028681
v -0.099489 0.034216 -0.061143
v -0.084922 0.075763 -0.032378
v -0.083626 0.081441 -0.031501
v -0.097158 0.041759 -0.060211
v -0.099273 0.037566 -0.066379
v -0.082934 0.113169 -0.087034
v -0.081750 0.118154 -0.086190
v -0.080906 0.070491 -0.034891
v -0.081109 0.149141 -0.140469
v -0.079875 0.154867 -0.140880
v -0.079599 0.107641 -0.087172
v -0.078291 0.144790 -0.139453
v -0.083130 0.147173 -0.151451
v -0.083047 0.153195 -0.161151
v -0.096912 0.071516 -0.110137
v -0.078437 0.143372 -0.145190
v -0.088492 0.070921 -0.098798
v -0.095334 0.071446 -0.100217
v -0.090864 0.040943 -0.059272
v -0.091879 0.030766 -0.017258
v -0.099489 0.034216 -0.061143
v -0.099273 0.037566 -0.066379
v -0.102846 0.037626 -0.067198
v -0.096912 0.071516 -0.110137
v -0.103023 0.033796 -0.060044
v -0.094844 0.021123 -0.006354
v -0.100405 0.071394 -0.110727
v -0.097848 0.020357 -0.003359
v -0.094331 0.022408 -0.004333
v -0.107614 0.058265 -0.055677
v -0.102273 0.045123 -0.011703
v -0.097296 0.021936 -0.002027
v -0.087433 0.078783 -0.027340
v -0.084311 0.077944 -0.028681
v -0.083626 0.081441 -0.031501
v -0.095118 0.079890 -0.028780
v -0.086603 0.082831 -0.029977
v -0.084597 0.118563 -0.083371
v -0.081750 0.118154 -0.086190
v -0.090756 0.116187 -0.084001
v -0.082451 0.156780 -0.140477
v -0.079875 0.154867 -0.140880
v -0.083047 0.153195 -0.161151
v -0.086395 0.152482 -0.139221
v -0.103647 0.087527 -0.101834
v -0.088282 0.152122 -0.157089
v -0.086729 0.153549 -0.162861
v -0.086114 0.155915 -0.163531
vn -0.9577 -0.2826 -0.0549
vn -0.9510 -0.2751 -0.1415
vn -0.9577 -0.2591 -0.1256
vn -0.9747 -0.2122 -0.0707
vn -0.9509 -0.2751 -0.1415
vn -0.9774 0.0945 0.1892
vn -0.9707 -0.2133 -0.1105
vn -0.6687 -0.6451 -0.3697
vn -0.9539 -0.2601 -0.1498
vn -0.9724 0.1725 0.1568
vn -0.9708 -0.2129 -0.1103
vn -0.9921 -0.1235 0.0202
vn -0.9999 0.0110 -0.0103
vn -0.9682 -0.2204 -0.1181
vn -0.9970 -0.0746 -0.0209
vn -0.9986 -0.0505 -0.0141
vn -0.9017 -0.3202 -0.2906
vn -0.9558 -0.2528 -0.1501
vn -0.8146 -0.3659 -0.4501
vn -0.9027 -0.3375 -0.2669
vn -0.7038 -0.5140 -0.4903
vn -0.9155 -0.3630 -0.1736
vn -0.8480 -0.5000 0.1757
vn -0.0309 -0.9595 -0.2800
vn -0.1106 -0.7979 -0.5925
vn 0.9209 -0.2834 -0.2676
vn -0.2051 -0.6389 -0.7414
vn 0.9414 -0.3373 -0.0000
vn -0.0428 -0.9753 -0.2166
vn 0.8836 -0.2524 -0.3944
vn 0.9510 -0.3066 0.0392
vn -0.5196 0.2440 0.8188
vn 0.9901 0.1257 0.0629
vn 0.9210 0.0551 0.3858
vn -0.2048 0.3072 0.9294
vn -0.1810 0.3855 0.9048
vn -0.5043 0.2887 0.8138
vn -0.5593 0.6671 0.4922
vn 0.8193 0.4528 0.3518
vn 0.0511 0.8257 0.5618
vn 0.0503 0.8333 0.5505
vn -0.5660 0.6761 0.4717
vn 0.8702 0.4435 0.2148
vn 0.1398 0.8878 0.4385
vn -0.5826 0.7094 0.3966
vn -0.3429 -0.4452 -0.8271
vn 0.8912 0.4150 0.1830
vn 0.9835 0.1809 -0.0000
vn 0.9808 0.1615 -0.1089
vn 0.6420 -0.3210 -0.6963
vn 0.3700 0.9276 -0.0511
vn 0.9577 -0.2826 -0.0549
vn 0.9577 -0.2591 -0.1256
vn 0.9510 -0.2751 -0.1415
vn 0.9747 -0.2122 -0.0707
vn 0.9509 -0.2751 -0.1415
vn 0.9774 0.0946 0.1892
vn 0.9707 -0.2133 -0.1105
vn 0.6687 -0.6451 -0.3697
vn 0.9539 -0.2601 -0.1498
vn 0.9724 0.1725 0.1568
vn 0.9708 -0.2130 -0.1103
vn 0.9921 -0.1234 0.0202
vn 0.9999 0.0111 -0.0103
vn 0.9682 -0.2204 -0.1181
vn 0.9970 -0.0746 -0.0209
vn 0.9986 -0.0504 -0.0141
vn 0.9017 -0.3201 -0.2906
vn 0.9558 -0.2528 -0.1501
vn 0.8146 -0.3658 -0.4502
vn 0.9027 -0.3375 -0.2669
vn 0.7038 -0.5140 -0.4903
vn 0.9155 -0.3630 -0.1736
vn 0.8479 -0.5001 0.1758
vn 0.0309 -0.9595 -0.2800
vn -0.9209 -0.2833 -0.2677
vn 0.1106 -0.7979 -0.5925
vn 0.2051 -0.6389 -0.7414
vn -0.9414 -0.3374 -0.0000
vn 0.0429 -0.9753 -0.2166
vn -0.8836 -0.2524 -0.3944
vn -0.9510 -0.3065 0.0393
vn 0.5196 0.2440 0.8188
vn -0.9901 0.1257 0.0629
vn -0.9210 0.0551 0.3857
vn 0.2048 0.3072 0.9294
vn 0.1810 0.3855 0.9048
vn 0.5043 0.2888 0.8138
vn 0.5593 0.6670 0.4923
vn -0.8193 0.4528 0.3518
vn -0.0510 0.8257 0.5618
vn -0.0503 0.8334 0.5504
vn 0.5660 0.6761 0.4717
vn -0.8701 0.4435 0.2148
vn -0.1397 0.8878 0.4384
vn 0.5826 0.7095 0.3965
vn 0.3429 -0.4453 -0.8271
vn -0.8912 0.4151 0.1830
vn -0.9835 0.1809 -0.0000
vn -0.9808 0.1616 -0.1089
vn -0.6419 -0.3210 -0.6964
vn -0.3699 0.9277 -0.0511
vt 0.874512 0.965149
vt 0.881836 0.962128
vt 0.886230 0.964264
vt 0.842285 0.995541
vt 0.841309 0.941406
vt 0.840332 0.992126
vt 0.837402 0.996840
vt 0.837402 0.947388
vt 0.834961 0.940582
vt 0.782227 0.991737
vt 0.780273 0.995827
vt 0.840332 0.986237
vt 0.726562 0.990837
vt 0.723145 0.994816
vt 0.784668 0.986809
vt 0.729492 0.987373
vt 0.719238 0.981293
vt 0.708496 0.981018
vt 0.785645 0.943542
vt 0.726074 0.983795
vt 0.795410 0.954254
vt 0.792969 0.948578
vt 0.837891 0.952484
vt 0.872559 0.965271
vt 0.575684 0.938049
vt 0.582520 0.935730
vt 0.583008 0.939026
vt 0.633301 0.940491
vt 0.576172 0.940918
vt 0.535156 0.960419
vt 0.632812 0.943298
vt 0.538086 0.962646
vt 0.535645 0.966309
vt 0.584961 0.958588
vt 0.555176 0.970520
vt 0.537598 0.965454
vt 0.575195 0.991478
vt 0.574219 0.993866
vt 0.580566 0.995964
vt 0.578125 0.986145
vt 0.580078 0.993034
vt 0.632324 0.993073
vt 0.634277 0.995720
vt 0.631348 0.987778
vt 0.687988 0.993053
vt 0.687500 0.995480
vt 0.706055 0.982422
vt 0.684570 0.989410
vt 0.632812 0.958618
vt 0.695312 0.982498
vt 0.699707 0.981003
vt 0.699707 0.983490
s 1
usemtl TP_Nox_S0_MI.002
f 318/47/371 319/48/372 320/49/373
f 320/49/373 321/50/374 318/47/371
f 318/47/371 322/51/375 319/48/372
f 323/52/376 318/47/371 321/50/374
f 323/52/376 321/50/374 324/53/377
f 322/51/375 318/47/371 325/54/378
f 326/55/379 322/51/375 325/54/378
f 324/53/377 327/56/380 323/52/376
f 327/56/380 324/53/377 328/57/381
f 318/47/371 323/52/376 329/58/382
f 328/57/381 330/59/383 327/56/380
f 330/59/383 328/57/381 331/60/384
f 332/61/385 323/52/376 327/56/380
f 323/52/376 332/61/385 329/58/382
f 327/56/380 330/59/383 333/62/386
f 333/62/386 332/61/385 327/56/380
f 331/60/384 334/63/387 330/59/383
f 334/63/387 331/60/384 335/64/388
f 335/64/388 336/65/379 334/63/387
f 330/59/383 337/66/389 333/62/386
f 337/66/389 330/59/383 334/63/387
f 333/62/386 338/67/390 332/61/385
f 338/67/390 333/62/386 337/66/389
f 338/67/390 329/58/382 332/61/385
f 339/68/391 337/66/389 334/63/387
f 339/68/391 334/63/387 336/65/379
f 338/67/390 337/66/389 339/68/391
f 336/65/379 326/55/379 339/68/391
f 339/68/391 326/55/379 325/54/378
f 325/54/378 338/67/390 339/68/391
f 329/58/382 338/67/390 340/69/392
f 340/69/392 338/67/390 325/54/378
f 340/69/392 341/70/393 329/58/382
f 325/54/378 341/70/393 340/69/392
f 318/47/371 329/58/382 341/70/393
f 341/70/393 325/54/378 318/47/371
f 342/71/394 343/72/395 344/73/396
f 343/72/395 345/74/397 344/73/396
f 344/73/396 346/75/398 342/71/394
f 346/75/398 347/76/399 342/71/394
f 344/73/396 345/74/397 348/77/400
f 347/76/399 346/75/398 349/78/401
f 349/78/401 350/79/402 347/76/399
f 346/75/398 344/73/396 351/80/403
f 344/73/396 348/77/400 351/80/403
f 349/78/401 346/75/398 352/81/404
f 352/81/404 346/75/398 351/80/403
f 350/79/402 349/78/401 353/82/405
f 353/82/405 349/78/401 352/81/404
f 354/83/406 350/79/402 353/82/405
f 354/83/406 353/82/405 352/81/404
f 350/79/402 354/83/406 355/84/407
f 354/83/406 356/85/408 355/84/407
f 352/81/404 357/86/409 354/83/406
f 352/81/404 351/80/403 357/86/409
f 356/85/408 354/83/406 358/87/410
f 358/87/410 354/83/406 357/86/409
f 358/87/410 359/88/411 356/85/408
f 359/88/411 360/89/412 356/85/408
f 357/86/409 361/90/413 358/87/410
f 358/87/410 361/90/413 359/88/411
f 351/80/403 361/90/413 357/86/409
f 359/88/411 362/91/414 360/89/412
f 362/91/414 363/92/415 360/89/412
f 363/92/415 362/91/414 364/93/416
f 365/94/417 359/88/411 361/90/413
f 359/88/411 365/94/417 362/91/414
f 361/90/413 351/80/403 366/95/418
f 366/95/418 365/94/417 361/90/413
f 366/95/418 351/80/403 348/77/400
f 365/94/417 366/95/418 367/96/419
f 348/77/400 367/96/419 366/95/418
f 365/94/417 367/96/419 362/91/414
f 367/96/419 348/77/400 368/97/420
f 345/74/397 368/97/420 348/77/400
f 368/97/420 345/74/397 364/93/416
f 369/98/421 362/91/414 367/96/419
f 369/98/421 367/96/419 368/97/420
f 364/93/416 362/91/414 369/98/421
f 364/93/416 369/98/421 368/97/420
f 370/47/422 372/49/423 371/48/424
f 372/49/423 370/47/422 373/50/425
f 370/47/422 371/48/424 374/51/426
f 375/52/427 373/50/425 370/47/422
f 375/52/427 376/53/428 373/50/425
f 374/51/426 377/54/429 370/47/422
f 378/55/430 377/54/429 374/51/426
f 376/53/428 375/52/427 379/56/431
f 379/56/431 380/57/432 376/53/428
f 370/47/422 381/58/433 375/52/427
f 380/57/432 379/56/431 382/59/434
f 382/59/434 383/60/435 380/57/432
f 384/61/436 379/56/431 375/52/427
f 375/52/427 381/58/433 384/61/436
f 379/56/431 385/62/437 382/59/434
f 385/62/437 379/56/431 384/61/436
f 383/60/435 382/59/434 386/63/438
f 386/63/438 387/64/439 383/60/435
f 387/64/439 386/63/438 388/65/430
f 382/59/434 385/62/437 389/66/440
f 389/66/440 386/63/438 382/59/434
f 385/62/437 384/61/436 390/67/441
f 390/67/441 389/66/440 385/62/437
f 390/67/441 384/61/436 381/58/433
f 391/68/442 386/63/438 389/66/440
f 391/68/442 388/65/430 386/63/438
f 390/67/441 391/68/442 389/66/440
f 388/65/430 391/68/442 378/55/430
f 391/68/442 377/54/429 378/55/430
f 377/54/429 391/68/442 390/67/441
f 381/58/433 392/69/443 390/67/441
f 392/69/443 377/54/429 390/67/441
f 392/69/443 381/58/433 393/70/444
f 377/54/429 392/69/443 393/70/444
f 370/47/422 393/70/444 381/58/433
f 393/70/444 370/47/422 377/54/429
f 394/71/445 396/73/446 395/72/447
f 395/72/447 396/73/446 397/74/448
f 396/73/446 394/71/445 398/75/449
f 398/75/449 394/71/445 399/76/450
f 396/73/446 400/77/451 397/74/448
f 399/76/450 401/78/452 398/75/449
f 401/78/452 399/76/450 402/79/453
f 398/75/449 403/80/454 396/73/446
f 396/73/446 403/80/454 400/77/451
f 401/78/452 404/81/455 398/75/449
f 404/81/455 403/80/454 398/75/449
f 402/79/453 405/82/456 401/78/452
f 405/82/456 404/81/455 401/78/452
f 406/83/457 405/82/456 402/79/453
f 406/83/457 404/81/455 405/82/456
f 402/79/453 407/84/458 406/83/457
f 406/83/457 407/84/458 408/85/459
f 404/81/455 406/83/457 409/86/460
f 404/81/455 409/86/460 403/80/454
f 408/85/459 410/87/461 406/83/457
f 410/87/461 409/86/460 406/83/457
f 410/87/461 408/85/459 411/88/462
f 411/88/462 408/85/459 412/89/463
f 409/86/460 410/87/461 413/90/464
f 410/87/461 411/88/462 413/90/464
f 403/80/454 409/86/460 413/90/464
f 411/88/462 412/89/463 414/91/465
f 414/91/465 412/89/463 415/92/466
f 415/92/466 416/93/467 414/91/465
f 417/94/468 413/90/464 411/88/462
f 411/88/462 414/91/465 417/94/468
f 413/90/464 418/95/469 403/80/454
f 418/95/469 413/90/464 417/94/468
f 418/95/469 400/77/451 403/80/454
f 417/94/468 419/96/470 418/95/469
f 400/77/451 418/95/469 419/96/470
f 417/94/468 414/91/465 419/96/470
f 419/96/470 420/97/471 400/77/451
f 397/74/448 400/77/451 420/97/471
f 420/97/471 416/93/467 397/74/448
f 421/98/472 419/96/470 414/91/465
f 421/98/472 420/97/471 419/96/470
f 416/93/467 421/98/472 414/91/465
f 416/93/467 420/97/471 421/98/472
o Plane.001
v 0.010898 -0.019282 0.099512
v -0.000000 -0.022205 0.104871
v 0.009668 -0.001332 0.104104
v 0.000000 -0.007373 0.107941
v 0.022728 -0.012223 0.091872
v 0.018559 0.005537 0.099688
v 0.034704 -0.005050 0.085512
v 0.030737 0.016451 0.092523
v 0.049634 0.003464 0.074642
v 0.043692 0.031289 0.082612
v 0.060879 0.009558 0.063456
v 0.053247 0.037841 0.070487
v 0.069291 0.014059 0.050212
v 0.061879 0.043951 0.057017
v 0.010480 -0.010371 0.102195
v -0.000000 -0.014632 0.106686
v 0.021275 -0.003460 0.096700
v 0.032984 0.005661 0.089334
v 0.046744 0.015140 0.078484
v 0.057833 0.021602 0.067398
v 0.068137 0.025313 0.052582
v 0.068716 0.048971 0.045788
v 0.071464 0.045985 0.041748
v 0.074036 0.029478 0.038824
v 0.075984 0.016665 0.037896
v 0.082310 0.024770 0.022456
v 0.080208 0.033306 0.025520
v 0.078861 0.005887 0.030336
v 0.083590 0.019476 0.019480
v 0.068338 0.003086 0.050319
v 0.072130 -0.008391 0.042157
v 0.060499 -0.008340 0.061524
v 0.065042 -0.020933 0.052350
v 0.046804 -0.022668 0.074013
v 0.052641 -0.036587 0.064024
v 0.038194 -0.030347 0.079530
v 0.046201 -0.043956 0.068892
v 0.028935 -0.042418 0.081235
v 0.035649 -0.055876 0.071230
v 0.017721 -0.058610 0.083022
v 0.023327 -0.070372 0.073656
v 0.009760 -0.071462 0.084059
v 0.013836 -0.081956 0.075110
v 0.000000 -0.086754 0.084830
v 0.000000 -0.098134 0.076573
v 0.000000 -0.034101 0.101065
v 0.007414 -0.032051 0.097043
v 0.022736 -0.027225 0.083998
v 0.015642 -0.029894 0.091454
v 0.000000 -0.049572 0.095535
v 0.003073 -0.048436 0.093965
v 0.014698 -0.044784 0.084091
v 0.009419 -0.046755 0.089926
v 0.000000 -0.058641 0.091999
v 0.001313 -0.058390 0.091230
v 0.009023 -0.057222 0.084520
v 0.004356 -0.058008 0.089416
v 0.000000 -0.068674 0.087974
v 0.000375 -0.068495 0.087751
v 0.003713 -0.068208 0.085221
v 0.001901 -0.068096 0.086705
v 0.000000 -0.075178 0.085290
v 0.000424 -0.074985 0.085033
v 0.000809 -0.074506 0.084926
v 0.001697 -0.073238 0.084567
v -0.000000 0.000127 0.101024
v 0.007149 0.003840 0.098225
v 0.016178 0.009899 0.094378
v 0.027772 0.019284 0.088764
v 0.065821 0.051836 0.040496
v 0.059089 0.045966 0.053353
v 0.051051 0.039274 0.067688
v 0.039006 0.031738 0.080792
v 0.070354 0.044646 0.036808
v 0.078833 0.035777 0.021797
v 0.079448 0.024875 0.016367
v 0.081088 0.020193 0.014105
v 0.024680 -0.027613 0.077075
v 0.018410 -0.041735 0.078297
v 0.011561 -0.055788 0.078657
v 0.005353 -0.068794 0.079604
v 0.000000 -0.078397 0.080438
v -0.000000 -0.096633 0.072006
v 0.014515 -0.078568 0.069205
v 0.022597 -0.069126 0.068176
v 0.035884 -0.054189 0.065570
v 0.044237 -0.044940 0.062349
v 0.049986 -0.038802 0.058534
v 0.062826 -0.023683 0.047007
v 0.070492 -0.010775 0.037022
v 0.076658 0.003205 0.026629
v 0.067728 0.027264 0.046400
v 0.072755 0.031613 0.036502
v 0.038993 -0.020662 0.071741
v 0.055510 -0.008468 0.061111
v 0.062727 0.003135 0.049258
v 0.066930 0.012261 0.040141
v 0.064415 0.011128 0.045832
v 0.057293 0.006767 0.059217
v 0.047159 0.000052 0.070253
v 0.035805 -0.007575 0.077938
v -0.010898 -0.019282 0.099512
v -0.009668 -0.001332 0.104104
v -0.022728 -0.012223 0.091872
v -0.018559 0.005537 0.099688
v -0.034704 -0.005050 0.085512
v -0.030737 0.016451 0.092523
v -0.049634 0.003464 0.074642
v -0.043692 0.031289 0.082612
v -0.060879 0.009558 0.063456
v -0.053247 0.037841 0.070487
v -0.069291 0.014059 0.050212
v -0.061879 0.043951 0.057017
v -0.010480 -0.010371 0.102195
v -0.021275 -0.003460 0.096700
v -0.032984 0.005661 0.089334
v -0.046744 0.015140 0.078484
v -0.057833 0.021602 0.067398
v -0.068137 0.025313 0.052582
v -0.068716 0.048971 0.045788
v -0.071464 0.045985 0.041748
v -0.074036 0.029478 0.038824
v -0.075984 0.016665 0.037896
v -0.082310 0.024770 0.022456
v -0.080208 0.033306 0.025520
v -0.078861 0.005887 0.030336
v -0.083590 0.019476 0.019480
v -0.068338 0.003086 0.050319
v -0.072130 -0.008391 0.042157
v -0.060499 -0.008340 0.061524
v -0.065042 -0.020933 0.052350
v -0.046804 -0.022668 0.074013
v -0.052641 -0.036587 0.064024
v -0.038194 -0.030347 0.079530
v -0.046201 -0.043956 0.068892
v -0.028935 -0.042418 0.081235
v -0.035649 -0.055876 0.071230
v -0.017721 -0.058610 0.083022
v -0.023327 -0.070372 0.073656
v -0.009760 -0.071462 0.084059
v -0.013836 -0.081956 0.075110
v -0.007414 -0.032051 0.097043
v -0.022736 -0.027225 0.083998
v -0.015642 -0.029894 0.091454
v -0.003073 -0.048436 0.093965
v -0.014698 -0.044784 0.084091
v -0.009419 -0.046755 0.089926
v -0.001313 -0.058390 0.091230
v -0.009023 -0.057222 0.084520
v -0.004356 -0.058008 0.089416
v -0.000375 -0.068495 0.087751
v -0.003713 -0.068208 0.085221
v -0.001901 -0.068096 0.086705
v -0.000424 -0.074985 0.085033
v -0.000809 -0.074506 0.084926
v -0.001697 -0.073238 0.084567
v -0.007149 0.003840 0.098225
v -0.016178 0.009899 0.094378
v -0.027772 0.019284 0.088764
v -0.065821 0.051836 0.040496
v -0.059089 0.045966 0.053353
v -0.051051 0.039274 0.067688
v -0.039006 0.031738 0.080792
v -0.070354 0.044646 0.036808
v -0.078833 0.035777 0.021797
v -0.079448 0.024875 0.016367
v -0.081088 0.020193 0.014105
v -0.024680 -0.027613 0.077075
v -0.018410 -0.041735 0.078297
v -0.011561 -0.055788 0.078657
v -0.005353 -0.068794 0.079604
v -0.014515 -0.078568 0.069205
v -0.022597 -0.069126 0.068176
v -0.035884 -0.054189 0.065570
v -0.044237 -0.044940 0.062349
v -0.049986 -0.038802 0.058534
v -0.062826 -0.023683 0.047007
v -0.070492 -0.010775 0.037022
v -0.076658 0.003205 0.026629
v -0.067728 0.027264 0.046400
v -0.072755 0.031613 0.036502
v -0.038993 -0.020662 0.071741
v -0.055510 -0.008468 0.061111
v -0.062727 0.003135 0.049258
v -0.066930 0.012261 0.040141
v -0.064415 0.011128 0.045832
v -0.057293 0.006767 0.059217
v -0.047159 0.000052 0.070253
v -0.035805 -0.007575 0.077938
vn 0.5126 -0.1953 0.8361
vn 0.4888 -0.1368 0.8616
vn 0.4421 -0.1496 0.8844
vn 0.4580 -0.1920 0.8680
vn 0.5763 -0.1848 0.7961
vn 0.5534 -0.1161 0.8248
vn 0.6219 -0.1324 0.7718
vn 0.6264 -0.0877 0.7746
vn 0.6909 -0.0564 0.7207
vn 0.7073 -0.0160 0.7067
vn 0.7757 0.0279 0.6304
vn 0.7757 0.0773 0.6264
vn 0.8458 0.0690 0.5290
vn 0.8178 0.1297 0.5607
vn 0.7810 -0.0232 0.6241
vn 0.8648 0.0269 0.5015
vn 0.6838 -0.0866 0.7245
vn 0.7113 -0.3737 0.5954
vn 0.6275 -0.2917 0.7219
vn 0.5533 -0.2623 0.7906
vn 0.4840 -0.2526 0.8378
vn 0.8311 0.1346 0.5396
vn 0.9136 0.0395 0.4047
vn 0.8990 0.0904 0.4284
vn 0.8967 0.0739 0.4364
vn 0.9025 0.0178 0.4303
vn 0.9045 -0.0373 0.4249
vn 0.9248 -0.0102 0.3804
vn 0.8718 -0.0658 0.4853
vn 0.8698 -0.0668 0.4889
vn 0.8116 -0.1151 0.5727
vn 0.8081 -0.1181 0.5770
vn 0.7216 -0.1734 0.6702
vn 0.7197 -0.1741 0.6721
vn 0.6140 -0.2474 0.7495
vn 0.6066 -0.2535 0.7535
vn 0.5424 -0.3132 0.7795
vn 0.5460 -0.3151 0.7762
vn 0.5673 -0.3295 0.7547
vn 0.5745 -0.3350 0.7468
vn 0.5985 -0.3703 0.7104
vn 0.6051 -0.3871 0.6957
vn 0.6151 -0.4135 0.6714
vn 0.5501 -0.2854 0.7848
vn 0.5076 -0.2840 0.8135
vn 0.6615 -0.3131 0.6815
vn 0.7896 -0.3933 0.4711
vn 0.5404 -0.2954 0.7879
vn 0.6609 -0.3159 0.6808
vn 0.8136 -0.3680 0.4502
vn 0.5198 -0.3003 0.7998
vn 0.5377 -0.3130 0.7828
vn 0.6222 -0.3176 0.7155
vn 0.8059 -0.3695 0.4626
vn 0.5305 -0.3131 0.7878
vn 0.5645 -0.3151 0.7629
vn 0.6091 -0.3192 0.7260
vn 0.7796 -0.3744 0.5020
vn 0.5686 -0.3115 0.7614
vn 0.6035 -0.5038 0.6180
vn 0.6664 -0.4981 0.5548
vn 0.7263 -0.4264 0.5391
vn 0.7812 -0.4077 0.4728
vn -0.1489 0.6977 0.7007
vn -0.1636 0.7000 0.6952
vn -0.0000 0.6984 0.7157
vn -0.2272 0.6835 0.6937
vn -0.2279 0.6792 0.6977
vn -0.2124 0.6981 0.6838
vn -0.2044 0.7004 0.6839
vn 0.0620 0.8946 0.4425
vn 0.0553 0.8954 0.4419
vn 0.0692 0.8938 0.4431
vn 0.0074 0.8956 0.4447
vn -0.0184 0.8946 0.4466
vn -0.1643 0.7703 0.6161
vn -0.1300 0.8151 0.5645
vn 0.7269 0.6612 -0.1859
vn 0.8291 0.4302 -0.3571
vn 0.8641 0.3670 -0.3445
vn 0.8792 0.3359 -0.3378
vn 0.9082 0.2676 -0.3219
vn 0.8693 -0.3862 0.3085
vn 0.8550 -0.4307 0.2889
vn -0.2377 0.2342 0.9427
vn -0.0896 0.4930 0.8654
vn -0.1400 0.3548 0.9244
vn -0.2791 0.2477 0.9278
vn 0.8661 -0.3987 0.3015
vn -0.4155 0.2996 0.8588
vn -0.4192 0.3012 0.8565
vn 0.8689 -0.4147 0.2703
vn -0.5224 0.3574 0.7742
vn -0.5204 0.3556 0.7763
vn -0.5468 0.3801 0.7460
vn 0.8330 -0.4768 0.2808
vn 0.7267 -0.6365 -0.2584
vn 0.7286 -0.6362 -0.2538
vn 0.7304 -0.6358 -0.2495
vn 0.7227 -0.6513 -0.2313
vn 0.7233 -0.6482 -0.2381
vn 0.7204 -0.6736 -0.1653
vn 0.7205 -0.6692 -0.1818
vn 0.7155 -0.6893 -0.1138
vn 0.7156 -0.6891 -0.1144
vn 0.7334 -0.6766 -0.0656
vn 0.7354 -0.6746 -0.0636
vn 0.8030 -0.5941 -0.0463
vn 0.8040 -0.5929 -0.0464
vn 0.8600 -0.5042 -0.0789
vn 0.8583 -0.5075 -0.0755
vn 0.8500 -0.4855 -0.2044
vn 0.8466 -0.4859 -0.2172
vn 0.8145 -0.4861 -0.3167
vn 0.9630 -0.2280 -0.1441
vn 0.2450 0.8790 0.4090
vn 0.3612 0.8344 0.4163
vn 0.1646 0.9014 0.4005
vn 0.4339 0.7983 0.4176
vn -0.0437 0.6651 0.7454
vn -0.0389 0.6490 0.7598
vn -0.0829 0.7206 0.6884
vn -0.0672 0.7051 0.7059
vn -0.1352 0.7279 0.6722
vn -0.1252 0.7301 0.6718
vn -0.1601 0.7220 0.6731
vn 0.4949 -0.8679 0.0425
vn 0.4592 -0.8869 0.0507
vn 0.5007 -0.8647 0.0412
vn 0.5746 -0.8141 0.0846
vn 0.5729 -0.8155 0.0822
vn 0.6250 -0.7531 0.2055
vn 0.6267 -0.7494 0.2137
vn 0.7429 -0.6078 0.2803
vn -0.5126 -0.1953 0.8361
vn -0.4580 -0.1920 0.8680
vn -0.4421 -0.1496 0.8844
vn -0.4888 -0.1368 0.8616
vn -0.5534 -0.1161 0.8248
vn -0.5763 -0.1848 0.7961
vn -0.6264 -0.0877 0.7746
vn -0.6219 -0.1324 0.7718
vn -0.7073 -0.0160 0.7067
vn -0.6909 -0.0564 0.7207
vn -0.7757 0.0773 0.6264
vn -0.7757 0.0279 0.6304
vn -0.8178 0.1297 0.5607
vn -0.8458 0.0690 0.5290
vn -0.7810 -0.0232 0.6241
vn -0.8648 0.0269 0.5015
vn -0.6838 -0.0866 0.7245
vn -0.7113 -0.3737 0.5954
vn -0.6275 -0.2917 0.7219
vn -0.5533 -0.2623 0.7906
vn -0.4840 -0.2526 0.8378
vn -0.8311 0.1346 0.5396
vn -0.9136 0.0395 0.4047
vn -0.9025 0.0178 0.4303
vn -0.8967 0.0739 0.4364
vn -0.8990 0.0904 0.4284
vn -0.9248 -0.0102 0.3804
vn -0.9045 -0.0373 0.4249
vn -0.8698 -0.0668 0.4889
vn -0.8718 -0.0658 0.4853
vn -0.8081 -0.1181 0.5770
vn -0.8116 -0.1151 0.5727
vn -0.7197 -0.1741 0.6721
vn -0.7216 -0.1734 0.6702
vn -0.6066 -0.2535 0.7535
vn -0.6140 -0.2474 0.7495
vn -0.5460 -0.3151 0.7762
vn -0.5424 -0.3132 0.7795
vn -0.5745 -0.3350 0.7468
vn -0.5673 -0.3295 0.7547
vn -0.6051 -0.3871 0.6957
vn -0.5985 -0.3703 0.7104
vn -0.6151 -0.4135 0.6714
vn -0.5501 -0.2854 0.7848
vn -0.5076 -0.2840 0.8135
vn -0.7896 -0.3933 0.4711
vn -0.6615 -0.3131 0.6815
vn -0.6609 -0.3159 0.6808
vn -0.5404 -0.2954 0.7879
vn -0.8136 -0.3680 0.4502
vn -0.5198 -0.3003 0.7998
vn -0.6222 -0.3176 0.7155
vn -0.5377 -0.3130 0.7828
vn -0.8059 -0.3695 0.4626
vn -0.5305 -0.3131 0.7878
vn -0.6091 -0.3192 0.7260
vn -0.5645 -0.3151 0.7629
vn -0.7796 -0.3744 0.5020
vn -0.5686 -0.3115 0.7614
vn -0.6664 -0.4981 0.5548
vn -0.6035 -0.5038 0.6180
vn -0.7263 -0.4264 0.5391
vn -0.7812 -0.4077 0.4728
vn 0.1489 0.6977 0.7007
vn 0.1636 0.7000 0.6952
vn 0.2272 0.6835 0.6937
vn 0.2044 0.7004 0.6839
vn 0.2124 0.6981 0.6838
vn 0.2279 0.6792 0.6977
vn -0.0620 0.8946 0.4425
vn -0.0692 0.8938 0.4431
vn -0.0553 0.8954 0.4419
vn -0.0074 0.8956 0.4447
vn 0.0184 0.8946 0.4466
vn 0.1643 0.7703 0.6161
vn 0.1300 0.8151 0.5645
vn -0.7269 0.6612 -0.1859
vn -0.8291 0.4302 -0.3571
vn -0.8792 0.3359 -0.3378
vn -0.8641 0.3670 -0.3445
vn -0.9082 0.2676 -0.3219
vn -0.8550 -0.4307 0.2889
vn -0.8693 -0.3862 0.3085
vn 0.2377 0.2342 0.9427
vn 0.2791 0.2477 0.9278
vn 0.1400 0.3548 0.9244
vn 0.0896 0.4930 0.8654
vn -0.8661 -0.3987 0.3015
vn 0.4155 0.2996 0.8588
vn 0.4192 0.3012 0.8565
vn -0.8689 -0.4147 0.2703
vn 0.5224 0.3574 0.7742
vn 0.5204 0.3556 0.7763
vn 0.5468 0.3801 0.7460
vn -0.8330 -0.4768 0.2808
vn -0.7267 -0.6365 -0.2584
vn -0.7304 -0.6358 -0.2495
vn -0.7286 -0.6362 -0.2538
vn -0.7227 -0.6513 -0.2313
vn -0.7233 -0.6482 -0.2381
vn -0.7204 -0.6736 -0.1653
vn -0.7205 -0.6692 -0.1818
vn -0.7155 -0.6893 -0.1138
vn -0.7156 -0.6891 -0.1144
vn -0.7334 -0.6766 -0.0656
vn -0.7354 -0.6746 -0.0636
vn -0.8030 -0.5941 -0.0463
vn -0.8040 -0.5929 -0.0464
vn -0.8600 -0.5042 -0.0789
vn -0.8583 -0.5075 -0.0755
vn -0.8500 -0.4855 -0.2044
vn -0.8466 -0.4859 -0.2172
vn -0.8145 -0.4861 -0.3167
vn -0.9630 -0.2280 -0.1441
vn -0.2450 0.8790 0.4090
vn -0.1646 0.9014 0.4005
vn -0.3612 0.8344 0.4163
vn -0.4339 0.7983 0.4176
vn 0.0437 0.6651 0.7454
vn 0.0389 0.6490 0.7598
vn 0.0829 0.7206 0.6884
vn 0.0672 0.7051 0.7059
vn 0.1352 0.7279 0.6722
vn 0.1252 0.7301 0.6718
vn 0.1601 0.7220 0.6731
vn -0.4949 -0.8679 0.0425
vn -0.5007 -0.8647 0.0412
vn -0.4592 -0.8869 0.0507
vn -0.5746 -0.8141 0.0846
vn -0.5729 -0.8155 0.0822
vn -0.6250 -0.7531 0.2055
vn -0.6267 -0.7494 0.2137
vn -0.7429 -0.6078 0.2803
vt 0.000000 0.500000
vt 0.000000 1.000000
vt 1.000000 1.000000
vt 1.000000 0.500000
vt 0.000000 0.000000
vt 1.000000 0.000000
s 1
f 436/99/473 424/100/474 425/101/475 437/102/476
f 436/99/473 438/99/477 427/100/478 424/100/474
f 438/99/477 439/99/479 429/100/480 427/100/478
f 439/99/479 440/99/481 431/100/482 429/100/480
f 440/99/481 441/99/483 433/100/484 431/100/482
f 441/99/483 442/99/485 435/100/486 433/100/484
f 432/103/487 434/103/488 442/99/485 441/99/483
f 430/103/489 432/103/487 441/99/483 440/99/481
f 428/103/490 430/103/489 440/99/481 439/99/479
f 426/103/491 428/103/490 439/99/479 438/99/477
f 422/103/492 426/103/491 438/99/477 436/99/473
f 422/103/492 436/99/473 437/102/476 423/104/493
f 442/99/485 444/103/494 443/103/494 435/100/486
f 447/103/495 448/103/496 445/103/497 446/103/498
f 442/99/485 434/103/488 446/103/498 445/103/497
f 447/103/495 446/103/498 449/103/499 450/103/500
f 446/103/498 451/103/501 452/103/502 449/103/499
f 451/103/501 453/103/503 454/103/504 452/103/502
f 453/103/503 455/103/505 456/103/506 454/103/504
f 455/103/505 457/103/507 458/103/508 456/103/506
f 457/103/507 459/103/509 460/103/510 458/103/508
f 459/103/509 461/103/511 462/103/512 460/103/510
f 461/103/511 463/103/513 464/103/514 462/103/512
f 463/103/513 465/103/515 466/103/515 464/103/514
f 468/103/516 422/103/492 423/104/493 467/103/517
f 426/103/491 470/103/518 469/103/519 428/103/490
f 426/103/491 422/103/492 468/103/516 470/103/518
f 468/103/516 472/103/520 474/103/521 470/103/518
f 470/103/518 474/103/521 473/103/522 469/103/519
f 467/103/517 471/103/523 472/103/520 468/103/516
f 472/103/520 476/103/524 478/103/525 474/103/521
f 474/103/521 478/103/525 477/103/526 473/103/522
f 471/103/523 475/103/527 476/103/524 472/103/520
f 476/103/524 480/103/528 482/103/529 478/103/525
f 478/103/525 482/103/529 481/103/530 477/103/526
f 475/103/527 479/103/531 480/103/528 476/103/524
f 479/103/531 483/103/532 484/103/533 480/103/528
f 482/103/529 480/103/528 484/103/533 485/103/534
f 486/103/535 481/103/530 482/103/529 485/103/534
f 424/100/536 488/103/537 487/103/538 425/101/538
f 429/100/539 490/100/540 489/100/541 427/100/542
f 427/100/542 489/100/541 488/103/537 424/100/536
f 492/103/543 435/100/544 443/103/545 491/103/545
f 493/103/546 433/100/547 435/100/544 492/103/543
f 494/103/548 431/100/549 433/100/547 493/103/546
f 431/100/549 494/103/548 490/100/540 429/100/539
f 444/103/550 495/103/550 491/103/550 443/103/550
f 450/103/551 498/103/551 497/103/552 447/103/553
f 496/103/554 448/103/554 447/103/553 497/103/552
f 473/103/522 500/103/555 499/103/556 469/103/519
f 459/103/557 457/103/558 499/103/559 500/103/560
f 477/103/526 501/103/561 500/103/555 473/103/522
f 461/103/562 459/103/557 500/103/560 501/103/563
f 481/103/530 502/103/564 501/103/561 477/103/526
f 463/103/565 461/103/562 501/103/563 502/103/566
f 465/103/567 463/103/565 502/103/566 503/103/567
f 486/103/535 503/103/568 502/103/564 481/103/530
f 486/103/535 485/103/534 503/103/568
f 485/103/534 484/103/533 503/103/568
f 484/103/533 483/103/532 503/103/568
f 505/103/569 464/103/570 466/103/571 504/103/571
f 506/103/572 462/103/573 464/103/570 505/103/569
f 507/103/574 460/103/575 462/103/573 506/103/572
f 508/103/576 458/103/577 460/103/575 507/103/574
f 509/103/578 456/103/579 458/103/577 508/103/576
f 510/103/580 454/103/581 456/103/579 509/103/578
f 511/103/582 452/103/583 454/103/581 510/103/580
f 512/103/584 449/103/585 452/103/583 511/103/582
f 449/103/585 512/103/584 498/103/586 450/103/586
f 513/103/587 495/103/587 444/103/587 442/99/587
f 445/103/588 514/103/589 513/103/590 442/99/590
f 445/103/588 448/103/591 496/103/591 514/103/589
f 455/103/592 515/103/593 499/103/559 457/103/558
f 453/103/594 516/103/595 515/103/593 455/103/592
f 451/103/596 517/103/597 516/103/595 453/103/594
f 446/103/598 518/103/598 517/103/597 451/103/596
f 519/103/599 518/103/600 446/103/600 434/103/601
f 432/103/602 520/103/603 519/103/599 434/103/601
f 430/103/604 521/103/605 520/103/603 432/103/602
f 428/103/490 522/103/606 521/103/605 430/103/604
f 428/103/490 469/103/519 499/103/556 522/103/606
f 535/99/607 437/102/608 425/101/609 524/100/610
f 535/99/607 524/100/610 526/100/611 536/99/612
f 536/99/612 526/100/611 528/100/613 537/99/614
f 537/99/614 528/100/613 530/100/615 538/99/616
f 538/99/616 530/100/615 532/100/617 539/99/618
f 539/99/618 532/100/617 534/100/619 540/99/620
f 531/103/621 539/99/618 540/99/620 533/103/622
f 529/103/623 538/99/616 539/99/618 531/103/621
f 527/103/624 537/99/614 538/99/616 529/103/623
f 525/103/625 536/99/612 537/99/614 527/103/624
f 523/103/626 535/99/607 536/99/612 525/103/625
f 523/103/626 423/104/627 437/102/608 535/99/607
f 540/99/620 534/100/619 541/103/628 542/103/628
f 545/103/629 544/103/630 543/103/631 546/103/632
f 540/99/620 543/103/631 544/103/630 533/103/622
f 545/103/629 548/103/633 547/103/634 544/103/630
f 544/103/630 547/103/634 550/103/635 549/103/636
f 549/103/636 550/103/635 552/103/637 551/103/638
f 551/103/638 552/103/637 554/103/639 553/103/640
f 553/103/640 554/103/639 556/103/641 555/103/642
f 555/103/642 556/103/641 558/103/643 557/103/644
f 557/103/644 558/103/643 560/103/645 559/103/646
f 559/103/646 560/103/645 562/103/647 561/103/648
f 561/103/648 562/103/647 466/103/649 465/103/649
f 563/103/650 467/103/651 423/104/627 523/103/626
f 525/103/625 527/103/624 564/103/652 565/103/653
f 525/103/625 565/103/653 563/103/650 523/103/626
f 563/103/650 565/103/653 568/103/654 566/103/655
f 565/103/653 564/103/652 567/103/656 568/103/654
f 467/103/651 563/103/650 566/103/655 471/103/657
f 566/103/655 568/103/654 571/103/658 569/103/659
f 568/103/654 567/103/656 570/103/660 571/103/658
f 471/103/657 566/103/655 569/103/659 475/103/661
f 569/103/659 571/103/658 574/103/662 572/103/663
f 571/103/658 570/103/660 573/103/664 574/103/662
f 475/103/661 569/103/659 572/103/663 479/103/665
f 479/103/665 572/103/663 575/103/666 483/103/667
f 574/103/662 576/103/668 575/103/666 572/103/663
f 577/103/669 576/103/668 574/103/662 573/103/664
f 524/100/670 425/101/538 487/103/538 578/103/671
f 528/100/672 526/100/673 579/100/674 580/100/675
f 526/100/673 524/100/670 578/103/671 579/100/674
f 582/103/676 581/103/677 541/103/677 534/100/678
f 583/103/679 582/103/676 534/100/678 532/100/680
f 584/103/681 583/103/679 532/100/680 530/100/682
f 530/100/682 528/100/672 580/100/675 584/103/681
f 542/103/683 541/103/683 581/103/683 585/103/683
f 548/103/684 545/103/685 587/103/686 588/103/684
f 586/103/687 587/103/686 545/103/685 546/103/687
f 567/103/656 564/103/652 589/103/688 590/103/689
f 557/103/690 590/103/691 589/103/692 555/103/693
f 570/103/660 567/103/656 590/103/689 591/103/694
f 559/103/695 591/103/696 590/103/691 557/103/690
f 573/103/664 570/103/660 591/103/694 592/103/697
f 561/103/698 592/103/699 591/103/696 559/103/695
f 465/103/700 503/103/700 592/103/699 561/103/698
f 577/103/669 573/103/664 592/103/697 503/103/701
f 577/103/669 503/103/701 576/103/668
f 576/103/668 503/103/701 575/103/666
f 575/103/666 503/103/701 483/103/667
f 593/103/702 504/103/703 466/103/703 562/103/704
f 594/103/705 593/103/702 562/103/704 560/103/706
f 595/103/707 594/103/705 560/103/706 558/103/708
f 596/103/709 595/103/707 558/103/708 556/103/710
f 597/103/711 596/103/709 556/103/710 554/103/712
f 598/103/713 597/103/711 554/103/712 552/103/714
f 599/103/715 598/103/713 552/103/714 550/103/716
f 600/103/717 599/103/715 550/103/716 547/103/718
f 547/103/718 548/103/719 588/103/719 600/103/717
f 601/103/720 540/99/720 542/103/720 585/103/720
f 543/103/721 540/99/722 601/103/722 602/103/723
f 543/103/721 602/103/723 586/103/724 546/103/724
f 553/103/725 555/103/693 589/103/692 603/103/726
f 551/103/727 553/103/725 603/103/726 604/103/728
f 549/103/729 551/103/727 604/103/728 605/103/730
f 544/103/731 549/103/729 605/103/730 606/103/731
f 607/103/732 533/103/733 544/103/734 606/103/734
f 531/103/735 533/103/733 607/103/732 608/103/736
f 529/103/737 531/103/735 608/103/736 609/103/738
f 527/103/624 529/103/737 609/103/738 610/103/739
f 527/103/624 610/103/739 589/103/688 564/103/652
o Plane.003
v 0.008153 -0.117861 0.058911
v 0.000000 -0.123140 0.063838
v 0.007564 -0.107430 0.066863
v 0.000000 -0.112954 0.071360
v 0.015890 -0.112826 0.053934
v 0.014122 -0.102748 0.062797
v 0.022664 -0.107876 0.049196
v 0.021183 -0.097192 0.057875
v 0.029888 -0.102645 0.044109
v 0.028022 -0.091664 0.053196
v 0.037238 -0.097234 0.038995
v 0.033792 -0.087107 0.049185
v 0.047159 -0.088949 0.030170
v 0.044633 -0.071088 0.046652
v 0.052249 -0.083865 0.024183
v 0.050867 -0.066350 0.041390
v 0.067511 -0.068628 0.006247
v 0.067713 -0.049566 0.023185
v 0.071664 -0.049697 0.011733
v 0.000000 -0.105352 0.067997
v 0.005852 -0.102674 0.064013
v 0.012492 -0.098754 0.059818
v 0.019277 -0.093093 0.054989
v 0.025093 -0.088211 0.050914
v 0.030548 -0.083719 0.047069
v 0.041290 -0.067417 0.045562
v 0.046915 -0.063760 0.041984
v 0.065257 -0.044976 0.023548
v 0.069353 -0.044090 0.006970
v 0.064286 -0.070586 0.000362
v 0.047617 -0.086181 0.020438
v 0.043864 -0.090461 0.026742
v 0.034986 -0.098657 0.036391
v 0.028313 -0.103604 0.042215
v 0.021154 -0.108747 0.047035
v 0.014070 -0.113213 0.051905
v 0.005618 -0.117979 0.056280
v 0.000000 -0.121751 0.060158
v -0.008153 -0.117861 0.058911
v -0.007564 -0.107430 0.066863
v -0.015890 -0.112826 0.053934
v -0.014122 -0.102748 0.062797
v -0.022664 -0.107876 0.049196
v -0.021183 -0.097192 0.057875
v -0.029888 -0.102645 0.044109
v -0.028022 -0.091664 0.053196
v -0.037238 -0.097234 0.038995
v -0.033792 -0.087107 0.049185
v -0.047159 -0.088949 0.030170
v -0.044633 -0.071088 0.046652
v -0.052249 -0.083865 0.024183
v -0.050867 -0.066350 0.041390
v -0.067511 -0.068628 0.006247
v -0.067713 -0.049566 0.023185
v -0.071664 -0.049697 0.011733
v -0.005852 -0.102674 0.064013
v -0.012492 -0.098754 0.059818
v -0.019277 -0.093093 0.054989
v -0.025093 -0.088211 0.050914
v -0.030548 -0.083719 0.047069
v -0.041290 -0.067417 0.045562
v -0.046915 -0.063760 0.041984
v -0.065257 -0.044976 0.023548
v -0.069353 -0.044090 0.006970
v -0.064286 -0.070586 0.000362
v -0.047617 -0.086181 0.020438
v -0.043864 -0.090461 0.026742
v -0.034986 -0.098657 0.036391
v -0.028313 -0.103604 0.042215
v -0.021154 -0.108747 0.047035
v -0.014070 -0.113213 0.051905
v -0.005618 -0.117979 0.056280
vn 0.6678 -0.4296 0.6079
vn 0.6683 -0.4287 0.6080
vn 0.6641 -0.4366 0.6070
vn 0.6903 -0.4048 0.5997
vn 0.6898 -0.4053 0.5999
vn 0.7067 -0.3846 0.5939
vn 0.7066 -0.3844 0.5941
vn 0.7050 -0.3774 0.6004
vn 0.7050 -0.3773 0.6005
vn 0.7251 -0.3737 0.5785
vn 0.7244 -0.3737 0.5793
vn 0.7711 -0.3712 0.5173
vn 0.7740 -0.3710 0.5132
vn 0.8161 -0.3661 0.4473
vn 0.8143 -0.3664 0.4503
vn 0.8512 -0.3464 0.3943
vn 0.8606 -0.3373 0.3815
vn 0.9038 -0.2896 0.3151
vn 0.2083 0.5073 0.8362
vn 0.1749 0.5379 0.8246
vn -0.0000 0.4781 0.8783
vn 0.0683 0.6005 0.7967
vn 0.0680 0.5970 0.7994
vn 0.0885 0.5970 0.7973
vn 0.1043 0.5905 0.8003
vn 0.0750 0.5922 0.8023
vn 0.0771 0.5920 0.8022
vn -0.0394 0.4533 0.8905
vn -0.0734 0.4116 0.9084
vn -0.1950 0.2488 0.9487
vn 0.4262 0.3782 0.8218
vn 0.3913 0.3982 0.8297
vn 0.3178 0.4370 0.8415
vn 0.4954 0.3354 0.8013
vn 0.8305 0.4969 0.2518
vn 0.8786 -0.0519 -0.4747
vn 0.5852 -0.7940 -0.1649
vn 0.5817 -0.7950 -0.1720
vn 0.5982 -0.7894 -0.1378
vn 0.5708 -0.8031 -0.1711
vn 0.5712 -0.8035 -0.1677
vn 0.5725 -0.8139 -0.0990
vn 0.5718 -0.8156 -0.0882
vn 0.5650 -0.8235 -0.0504
vn 0.5637 -0.8244 -0.0510
vn 0.5304 -0.8431 -0.0889
vn 0.5234 -0.8465 -0.0972
vn 0.4464 -0.8743 -0.1906
vn 0.4319 -0.8776 -0.2080
vn 0.3767 -0.8800 -0.2893
vn 0.3744 -0.8783 -0.2974
vn 0.3669 -0.8724 -0.3231
vn -0.6678 -0.4296 0.6079
vn -0.6641 -0.4366 0.6070
vn -0.6683 -0.4287 0.6080
vn -0.6898 -0.4053 0.5999
vn -0.6903 -0.4048 0.5997
vn -0.7066 -0.3844 0.5941
vn -0.7067 -0.3846 0.5939
vn -0.7050 -0.3773 0.6005
vn -0.7050 -0.3774 0.6004
vn -0.7244 -0.3737 0.5793
vn -0.7251 -0.3737 0.5785
vn -0.7740 -0.3710 0.5132
vn -0.7711 -0.3712 0.5173
vn -0.8143 -0.3664 0.4503
vn -0.8161 -0.3661 0.4473
vn -0.8606 -0.3373 0.3815
vn -0.8512 -0.3464 0.3943
vn -0.9038 -0.2896 0.3151
vn -0.2083 0.5073 0.8362
vn -0.1749 0.5379 0.8246
vn -0.0683 0.6005 0.7967
vn -0.1043 0.5905 0.8003
vn -0.0885 0.5970 0.7973
vn -0.0680 0.5970 0.7994
vn -0.0750 0.5922 0.8023
vn -0.0771 0.5920 0.8022
vn 0.0394 0.4533 0.8905
vn 0.0734 0.4116 0.9084
vn 0.1950 0.2488 0.9487
vn -0.4262 0.3782 0.8218
vn -0.3178 0.4370 0.8415
vn -0.3913 0.3982 0.8297
vn -0.4954 0.3354 0.8013
vn -0.8305 0.4969 0.2518
vn -0.8786 -0.0519 -0.4747
vn -0.5852 -0.7940 -0.1649
vn -0.5982 -0.7894 -0.1378
vn -0.5817 -0.7950 -0.1720
vn -0.5708 -0.8031 -0.1711
vn -0.5712 -0.8035 -0.1677
vn -0.5725 -0.8139 -0.0990
vn -0.5718 -0.8156 -0.0882
vn -0.5650 -0.8235 -0.0504
vn -0.5637 -0.8244 -0.0510
vn -0.5304 -0.8431 -0.0889
vn -0.5234 -0.8465 -0.0972
vn -0.4464 -0.8743 -0.1906
vn -0.4319 -0.8776 -0.2080
vn -0.3767 -0.8800 -0.2893
vn -0.3744 -0.8783 -0.2974
vn -0.3669 -0.8724 -0.3231
vt 0.000000 0.000000
vt 0.000000 1.000000
vt 1.000000 1.000000
vt 1.000000 0.000000
s 1
f 611/105/740 613/106/741 614/107/742 612/108/742
f 611/105/740 615/105/743 616/106/744 613/106/741
f 615/105/743 617/105/745 618/106/746 616/106/744
f 617/105/745 619/105/747 620/106/748 618/106/746
f 619/105/747 621/105/749 622/106/750 620/106/748
f 621/105/749 623/105/751 624/106/752 622/106/750
f 623/105/751 625/105/753 626/106/754 624/106/752
f 625/105/753 627/105/755 628/106/756 626/106/754
f 627/105/755 629/105/757 628/106/756
f 613/106/758 631/105/759 630/105/760 614/107/760
f 618/106/761 633/106/762 632/106/763 616/106/764
f 616/106/764 632/106/763 631/105/759 613/106/758
f 620/106/765 634/105/766 633/106/762 618/106/761
f 622/106/767 635/105/768 634/105/766 620/106/765
f 624/106/769 636/105/769 635/105/768 622/106/767
f 626/106/770 637/105/771 636/105/772 624/106/772
f 628/106/773 638/105/773 637/105/771 626/106/770
f 629/105/774 639/105/774 638/105/774 628/106/774
f 640/105/775 639/105/775 629/105/775 627/105/775
f 625/105/776 641/105/777 640/105/778 627/105/778
f 623/105/779 642/105/780 641/105/777 625/105/776
f 621/105/781 643/105/782 642/105/780 623/105/779
f 619/105/783 644/105/784 643/105/782 621/105/781
f 617/105/785 645/105/786 644/105/784 619/105/783
f 615/105/787 646/105/788 645/105/786 617/105/785
f 611/105/789 647/105/790 646/105/788 615/105/787
f 612/108/791 648/105/791 647/105/790 611/105/789
f 649/105/792 612/108/793 614/107/793 650/106/794
f 649/105/792 650/106/794 652/106/795 651/105/796
f 651/105/796 652/106/795 654/106/797 653/105/798
f 653/105/798 654/106/797 656/106/799 655/105/800
f 655/105/800 656/106/799 658/106/801 657/105/802
f 657/105/802 658/106/801 660/106/803 659/105/804
f 659/105/804 660/106/803 662/106/805 661/105/806
f 661/105/806 662/106/805 664/106/807 663/105/808
f 663/105/808 664/106/807 665/105/809
f 650/106/810 614/107/760 630/105/760 666/105/811
f 654/106/812 652/106/813 667/106/814 668/106/815
f 652/106/813 650/106/810 666/105/811 667/106/814
f 656/106/816 654/106/812 668/106/815 669/105/817
f 658/106/818 656/106/816 669/105/817 670/105/819
f 660/106/820 658/106/818 670/105/819 671/105/820
f 662/106/821 660/106/822 671/105/822 672/105/823
f 664/106/824 662/106/821 672/105/823 673/105/824
f 665/105/825 664/106/825 673/105/825 674/105/825
f 675/105/826 663/105/826 665/105/826 674/105/826
f 661/105/827 663/105/828 675/105/828 676/105/829
f 659/105/830 661/105/827 676/105/829 677/105/831
f 657/105/832 659/105/830 677/105/831 678/105/833
f 655/105/834 657/105/832 678/105/833 679/105/835
f 653/105/836 655/105/834 679/105/835 680/105/837
f 651/105/838 653/105/836 680/105/837 681/105/839
f 649/105/840 651/105/838 681/105/839 682/105/841
f 612/108/842 649/105/840 682/105/841 648/105/842
o Plane.004
v 0.082449 0.011193 0.019382
v 0.087528 -0.004638 -0.000985
v 0.085363 0.022673 0.011195
v 0.083891 -0.006516 0.010936
v 0.081373 0.037032 0.015819
v 0.089811 0.030585 -0.012881
v 0.084808 0.052458 -0.010224
v 0.074049 0.051347 0.025333
v 0.080137 0.061054 0.003323
v 0.070197 0.046219 0.036559
v 0.069364 0.028076 0.045111
v 0.087738 0.026653 -0.000807
v 0.083910 0.044896 0.003048
v 0.077187 0.056221 0.014363
v 0.088320 -0.008869 -0.012150
v 0.088906 -0.012164 -0.020769
v 0.078593 0.077676 -0.011392
v 0.085094 0.060648 -0.025282
v 0.078443 0.079850 -0.021133
v 0.085239 0.064819 -0.032960
v 0.078707 0.081446 -0.037105
v 0.085318 0.068276 -0.039421
v 0.076905 0.082706 -0.071080
v 0.085694 0.063452 -0.066729
v 0.068715 0.076975 -0.105838
v 0.083910 0.058472 -0.089323
v 0.085545 0.066730 -0.048560
v 0.085793 0.065156 -0.057508
v 0.077816 0.082428 -0.059776
v 0.078726 0.082150 -0.048473
v 0.085149 0.061726 -0.074263
v 0.084548 0.060179 -0.081678
v 0.071458 0.078891 -0.094256
v 0.074202 0.080807 -0.082674
v 0.064714 0.063735 -0.112659
v 0.085329 0.050681 -0.090370
v 0.086615 0.043734 -0.091240
v 0.064340 0.038786 -0.115203
v 0.076091 -0.006118 0.031531
v 0.078690 -0.019624 0.019029
v 0.069257 -0.033073 0.033097
v 0.066972 -0.022288 0.043550
v 0.078059 -0.035430 0.007718
v 0.070380 -0.042202 0.023212
v 0.075359 -0.041578 0.008375
v 0.078879 -0.035200 0.003015
v 0.082047 -0.039345 -0.026571
v 0.083929 -0.033201 -0.025361
v 0.089379 -0.014837 -0.027792
v 0.092301 0.025865 -0.034897
v 0.085217 -0.032264 -0.041582
v 0.090292 -0.012200 -0.046324
v 0.083138 -0.039062 -0.032645
v 0.093581 0.023238 -0.046732
v 0.085158 -0.035521 -0.062127
v 0.090546 -0.005873 -0.069065
v 0.076500 -0.058581 -0.057946
v 0.091883 0.029662 -0.063635
v 0.071749 -0.035299 -0.082765
v 0.084907 0.001424 -0.086914
v 0.074344 -0.052387 -0.068003
v 0.088632 0.038804 -0.081916
v 0.078993 0.012705 -0.100668
v 0.063811 0.018606 -0.112530
v 0.067867 -0.022299 -0.094740
v 0.061898 -0.021681 -0.100562
v 0.060384 -0.043697 -0.087964
v 0.059877 -0.063030 -0.073697
v 0.074416 -0.065610 -0.031810
v 0.078437 -0.062667 -0.044029
v 0.064985 -0.070024 -0.063232
v 0.067761 -0.074599 -0.055598
v 0.069379 -0.080162 -0.045860
v 0.065769 -0.087749 -0.030976
v 0.075111 0.062519 0.005035
v 0.072287 0.058183 0.014980
v 0.068392 0.052662 0.026547
v 0.073213 0.078993 -0.010153
v 0.073379 0.081742 -0.020802
v 0.073230 0.083364 -0.037236
v 0.073183 0.084051 -0.048557
v 0.072637 0.084249 -0.060153
v 0.072079 0.084058 -0.071162
v 0.069022 0.082211 -0.083067
v 0.065873 0.080528 -0.094444
v 0.063216 0.078801 -0.105244
v 0.058340 0.062733 -0.110413
v 0.057485 0.034854 -0.109215
v 0.056565 0.017472 -0.107874
v 0.053929 -0.023760 -0.094651
v 0.053464 -0.043074 -0.084209
v 0.052218 -0.064369 -0.069505
v 0.057084 -0.071017 -0.059736
v 0.059609 -0.075557 -0.052964
v 0.061202 -0.081008 -0.044843
v 0.060074 -0.089678 -0.029019
v 0.067799 -0.065359 -0.030087
v 0.076015 -0.040125 -0.031714
v 0.065208 0.048981 0.035334
v 0.067794 0.027378 0.046648
v 0.076866 0.032438 0.020044
v 0.080983 0.019945 0.014541
v 0.078712 0.011002 0.020897
v 0.073487 -0.005380 0.033032
v 0.063695 -0.022617 0.046168
v 0.065086 -0.034842 0.034145
v 0.065539 -0.045322 0.023485
v 0.069061 -0.044338 0.006645
v 0.074076 -0.041179 -0.020882
v 0.086637 -0.024101 -0.026582
v 0.087940 -0.022282 -0.043947
v 0.089148 -0.020847 -0.065442
v 0.079570 -0.017344 -0.085617
v 0.073641 -0.004906 -0.097929
v 0.063531 0.002136 -0.110209
v 0.055484 0.000614 -0.104711
v 0.084415 0.032774 -0.017444
v 0.079902 0.050185 -0.014996
v 0.081907 0.056514 -0.026084
v 0.081495 0.060245 -0.033314
v 0.080944 0.063736 -0.040301
v 0.081131 0.062017 -0.048354
v 0.081270 0.060460 -0.057464
v 0.081276 0.058434 -0.066413
v 0.080898 0.056698 -0.073982
v 0.080574 0.054878 -0.081126
v 0.080421 0.053753 -0.085098
v 0.081476 0.049514 -0.085663
v 0.082596 0.045013 -0.086290
v 0.083805 0.040917 -0.078334
v 0.085890 0.032969 -0.061510
v 0.086956 0.027231 -0.047208
v 0.086093 0.029134 -0.037030
v 0.076869 -0.032796 0.005973
v 0.077404 -0.019926 0.015914
v 0.081397 -0.008530 0.009547
v 0.084739 -0.007563 -0.001845
v 0.085715 -0.010527 -0.011693
v 0.086399 -0.013435 -0.020092
v 0.087017 -0.015406 -0.026564
v 0.084489 -0.023629 -0.025250
v 0.082078 -0.031406 -0.023875
v 0.077421 -0.032741 0.002659
v -0.082449 0.011193 0.019382
v -0.087528 -0.004638 -0.000985
v -0.085363 0.022673 0.011195
v -0.083891 -0.006516 0.010936
v -0.081373 0.037032 0.015819
v -0.089811 0.030585 -0.012881
v -0.084808 0.052458 -0.010224
v -0.074049 0.051347 0.025333
v -0.080137 0.061054 0.003323
v -0.070197 0.046219 0.036559
v -0.069364 0.028076 0.045111
v -0.087738 0.026653 -0.000807
v -0.083910 0.044896 0.003048
v -0.077187 0.056221 0.014363
v -0.088320 -0.008869 -0.012150
v -0.088906 -0.012164 -0.020769
v -0.078593 0.077676 -0.011392
v -0.085094 0.060648 -0.025282
v -0.078443 0.079850 -0.021133
v -0.085239 0.064819 -0.032960
v -0.078707 0.081446 -0.037105
v -0.085318 0.068276 -0.039421
v -0.076905 0.082706 -0.071080
v -0.085694 0.063452 -0.066729
v -0.068715 0.076975 -0.105838
v -0.083910 0.058472 -0.089323
v -0.085545 0.066730 -0.048560
v -0.085793 0.065156 -0.057508
v -0.077816 0.082428 -0.059776
v -0.078726 0.082150 -0.048473
v -0.085149 0.061726 -0.074263
v -0.084548 0.060179 -0.081678
v -0.071458 0.078891 -0.094256
v -0.074202 0.080807 -0.082674
v -0.064714 0.063735 -0.112659
v -0.085329 0.050681 -0.090370
v -0.086615 0.043734 -0.091240
v -0.064340 0.038786 -0.115203
v -0.076091 -0.006118 0.031531
v -0.078690 -0.019624 0.019029
v -0.069257 -0.033073 0.033097
v -0.066972 -0.022288 0.043550
v -0.078059 -0.035430 0.007718
v -0.070380 -0.042202 0.023212
v -0.075359 -0.041578 0.008375
v -0.078879 -0.035200 0.003015
v -0.082047 -0.039345 -0.026571
v -0.083929 -0.033201 -0.025361
v -0.089379 -0.014837 -0.027792
v -0.092301 0.025865 -0.034897
v -0.085217 -0.032264 -0.041582
v -0.090292 -0.012200 -0.046324
v -0.083138 -0.039062 -0.032645
v -0.093581 0.023238 -0.046732
v -0.085158 -0.035521 -0.062127
v -0.090546 -0.005873 -0.069065
v -0.076500 -0.058581 -0.057946
v -0.091883 0.029662 -0.063635
v -0.071749 -0.035299 -0.082765
v -0.084907 0.001424 -0.086914
v -0.074344 -0.052387 -0.068003
v -0.088632 0.038804 -0.081916
v -0.078993 0.012705 -0.100668
v -0.063811 0.018606 -0.112530
v -0.067867 -0.022299 -0.094740
v -0.061898 -0.021681 -0.100562
v -0.060384 -0.043697 -0.087964
v -0.059877 -0.063030 -0.073697
v -0.074416 -0.065610 -0.031810
v -0.078437 -0.062667 -0.044029
v -0.064985 -0.070024 -0.063232
v -0.067761 -0.074599 -0.055598
v -0.069379 -0.080162 -0.045860
v -0.065769 -0.087749 -0.030976
v -0.075111 0.062519 0.005035
v -0.072287 0.058183 0.014980
v -0.068392 0.052662 0.026547
v -0.073213 0.078993 -0.010153
v -0.073379 0.081742 -0.020802
v -0.073230 0.083364 -0.037236
v -0.073183 0.084051 -0.048557
v -0.072637 0.084249 -0.060153
v -0.072079 0.084058 -0.071162
v -0.069022 0.082211 -0.083067
v -0.065873 0.080528 -0.094444
v -0.063216 0.078801 -0.105244
v -0.058340 0.062733 -0.110413
v -0.057485 0.034854 -0.109215
v -0.056565 0.017472 -0.107874
v -0.053929 -0.023760 -0.094651
v -0.053464 -0.043074 -0.084209
v -0.052218 -0.064369 -0.069505
v -0.057084 -0.071017 -0.059736
v -0.059609 -0.075557 -0.052964
v -0.061202 -0.081008 -0.044843
v -0.060074 -0.089678 -0.029019
v -0.067799 -0.065359 -0.030087
v -0.076015 -0.040125 -0.031714
v -0.065208 0.048981 0.035334
v -0.067794 0.027378 0.046648
v -0.076866 0.032438 0.020044
v -0.080983 0.019945 0.014541
v -0.078712 0.011002 0.020897
v -0.073487 -0.005380 0.033032
v -0.063695 -0.022617 0.046168
v -0.065086 -0.034842 0.034145
v -0.065539 -0.045322 0.023485
v -0.069061 -0.044338 0.006645
v -0.074076 -0.041179 -0.020882
v -0.086637 -0.024101 -0.026582
v -0.087940 -0.022282 -0.043947
v -0.089148 -0.020847 -0.065442
v -0.079570 -0.017344 -0.085617
v -0.073641 -0.004906 -0.097929
v -0.063531 0.002136 -0.110209
v -0.055484 0.000614 -0.104711
v -0.084415 0.032774 -0.017444
v -0.079902 0.050185 -0.014996
v -0.081907 0.056514 -0.026084
v -0.081495 0.060245 -0.033314
v -0.080944 0.063736 -0.040301
v -0.081131 0.062017 -0.048354
v -0.081270 0.060460 -0.057464
v -0.081276 0.058434 -0.066413
v -0.080898 0.056698 -0.073982
v -0.080574 0.054878 -0.081126
v -0.080421 0.053753 -0.085098
v -0.081476 0.049514 -0.085663
v -0.082596 0.045013 -0.086290
v -0.083805 0.040917 -0.078334
v -0.085890 0.032969 -0.061510
v -0.086956 0.027231 -0.047208
v -0.086093 0.029134 -0.037030
v -0.076869 -0.032796 0.005973
v -0.077404 -0.019926 0.015914
v -0.081397 -0.008530 0.009547
v -0.084739 -0.007563 -0.001845
v -0.085715 -0.010527 -0.011693
v -0.086399 -0.013435 -0.020092
v -0.087017 -0.015406 -0.026564
v -0.084489 -0.023629 -0.025250
v -0.082078 -0.031406 -0.023875
v -0.077421 -0.032741 0.002659
vn 0.9734 0.0465 0.2242
vn 0.9493 -0.0742 0.3054
vn 0.9440 -0.0860 0.3187
vn 0.9821 -0.0229 0.1869
vn 0.9460 0.1960 0.2580
vn 0.9804 0.0746 0.1823
vn 0.9874 0.0476 0.1509
vn 0.9559 0.2193 0.1956
vn 0.9244 0.2218 0.3102
vn 0.9048 0.1916 0.3802
vn 0.9258 0.1856 0.3293
vn 0.9486 0.2267 0.2209
vn 0.8970 0.1672 0.4093
vn 0.9913 -0.0272 0.1290
vn 0.9922 -0.0428 0.1175
vn 0.9515 0.2773 0.1334
vn 0.9526 0.2706 0.1392
vn 0.9311 0.3494 0.1052
vn 0.9371 0.3321 0.1072
vn 0.9125 0.4064 0.0467
vn 0.9129 0.4051 0.0502
vn 0.9112 0.4067 -0.0654
vn 0.9112 0.4068 -0.0647
vn 0.9059 0.3968 -0.1479
vn 0.9046 0.3953 -0.1596
vn 0.8610 0.4509 -0.2355
vn 0.8664 0.4411 -0.2340
vn 0.8421 0.2994 -0.4485
vn 0.8362 0.2764 -0.4737
vn 0.9086 0.4163 -0.0340
vn 0.9083 0.4170 -0.0321
vn 0.8860 0.4037 -0.2280
vn 0.8824 0.4109 -0.2291
vn 0.7540 0.1075 -0.6480
vn 0.7612 0.1144 -0.6383
vn 0.7136 0.0336 -0.6998
vn 0.8064 0.0080 -0.5913
vn 0.9127 -0.1566 0.3774
vn 0.9088 -0.1982 0.3672
vn 0.8919 -0.2026 0.4042
vn 0.8976 -0.2345 0.3732
vn 0.9020 -0.2846 0.3247
vn 0.8998 -0.3344 0.2803
vn 0.9185 -0.3547 0.1746
vn 0.9044 -0.3630 0.2245
vn 0.9485 -0.2940 0.1178
vn 0.9521 -0.2890 0.1000
vn 0.9939 -0.0600 0.0929
vn 0.9881 -0.1385 0.0672
vn 0.9719 -0.2333 0.0317
vn 0.9915 -0.1290 0.0161
vn 0.9652 -0.2580 0.0426
vn 0.9602 -0.2524 0.1198
vn 0.9637 -0.2634 0.0439
vn 0.9977 -0.0674 0.0050
vn 0.9675 -0.1315 -0.2159
vn 0.9844 -0.0439 -0.1703
vn 0.9389 -0.2633 -0.2216
vn 0.8849 -0.1702 -0.4336
vn 0.9442 -0.0577 -0.3242
vn 0.7709 -0.3258 -0.5473
vn 0.7694 -0.1338 -0.6245
vn 0.6654 -0.0919 -0.7408
vn 0.6210 -0.2509 -0.7426
vn 0.6775 -0.2982 -0.6723
vn 0.6378 -0.3797 -0.6702
vn 0.6252 -0.3688 -0.6878
vn 0.6958 -0.4087 -0.5906
vn 0.6141 -0.4525 -0.6466
vn 0.7196 -0.4266 -0.5479
vn 0.6392 -0.4870 -0.5952
vn 0.8401 -0.4164 -0.3476
vn 0.7262 -0.4980 -0.4740
vn 0.9265 -0.3714 -0.0601
vn 0.8405 -0.4780 -0.2552
vn 0.9320 -0.3601 0.0413
vn 0.9092 -0.4153 -0.0277
vn 0.9312 -0.3622 0.0413
vn 0.9125 -0.3244 -0.2493
vn 0.3565 0.8079 0.4692
vn 0.3627 0.8068 0.4664
vn 0.3756 0.7202 0.5833
vn 0.3780 0.7381 0.5588
vn 0.3224 0.8187 0.4752
vn 0.3273 0.8159 0.4766
vn 0.3631 0.6452 0.6723
vn 0.3291 0.9309 0.1586
vn 0.3291 0.9308 0.1589
vn 0.3168 0.9220 0.2228
vn 0.3332 0.9398 0.0763
vn 0.3328 0.9400 0.0752
vn 0.3272 0.9446 0.0272
vn 0.3271 0.9445 0.0294
vn 0.3147 0.9492 -0.0093
vn 0.3168 0.9485 -0.0080
vn 0.2860 0.9501 -0.1248
vn 0.2890 0.9513 -0.1069
vn 0.2732 0.9372 -0.2168
vn 0.2719 0.9377 -0.2164
vn 0.2804 0.9345 -0.2192
vn 0.2794 0.9349 -0.2188
vn 0.2835 0.9333 -0.2203
vn -0.1835 0.4193 -0.8891
vn -0.5555 -0.0007 -0.8315
vn -0.5702 -0.0296 -0.8210
vn -0.5371 0.0340 -0.8428
vn -0.5650 -0.0861 -0.8206
vn -0.5574 -0.0938 -0.8249
vn -0.5273 -0.1869 -0.8289
vn -0.5213 -0.2274 -0.8225
vn -0.2858 -0.6809 -0.6743
vn -0.2370 -0.7411 -0.6282
vn -0.4231 -0.4771 -0.7703
vn -0.4342 -0.4616 -0.7735
vn -0.1086 -0.8532 -0.5101
vn -0.1071 -0.8535 -0.5100
vn -0.0587 -0.8551 -0.5151
vn -0.0545 -0.8549 -0.5159
vn 0.0214 -0.8688 -0.4948
vn 0.0318 -0.8722 -0.4882
vn 0.0793 -0.8860 -0.4568
vn 0.2324 -0.0353 0.9720
vn 0.2518 -0.0445 0.9668
vn 0.2939 -0.0645 0.9537
vn 0.1905 -0.0157 0.9816
vn 0.3147 0.8230 0.4729
vn 0.1820 0.4460 0.8763
vn 0.6992 -0.7098 0.0857
vn 0.6797 -0.0701 0.7301
vn 0.3442 0.4778 0.8083
vn 0.3057 0.4995 0.8106
vn 0.3791 0.4568 0.8047
vn 0.4750 0.3735 0.7968
vn 0.5115 0.3328 0.7922
vn 0.5652 0.2676 0.7803
vn 0.4615 -0.6032 0.6505
vn 0.4624 -0.6020 0.6510
vn 0.4867 -0.5694 0.6625
vn 0.4373 -0.6336 0.6382
vn 0.3801 -0.9246 0.0257
vn 0.4575 -0.8858 0.0778
vn 0.3788 -0.9252 0.0248
vn 0.2680 -0.9629 -0.0315
vn 0.1680 -0.9846 -0.0477
vn 0.2006 -0.9787 -0.0425
vn -0.4958 -0.3365 -0.8006
vn -0.4824 -0.3736 -0.7922
vn 0.6489 0.2506 -0.7184
vn 0.7406 -0.5870 -0.3271
vn 0.7413 -0.5977 -0.3055
vn 0.7325 -0.6100 -0.3022
vn 0.7476 -0.5804 -0.3229
vn 0.7094 -0.6407 -0.2936
vn 0.7414 -0.6638 -0.0987
vn 0.7411 -0.6656 -0.0884
vn 0.7158 -0.6839 0.1409
vn 0.7163 -0.6836 0.1401
vn 0.7256 -0.6751 0.1335
vn 0.7264 -0.6741 0.1335
vn 0.7430 -0.6586 0.1191
vn 0.7451 -0.6567 0.1164
vn 0.7680 -0.6329 0.0978
vn 0.7709 -0.6296 0.0969
vn 0.7990 -0.5949 0.0884
vn 0.8022 -0.5906 0.0875
vn 0.8178 -0.5695 0.0831
vn 0.7615 0.0731 0.6440
vn 0.7492 0.0658 0.6591
vn 0.7608 0.0727 0.6449
vn 0.7731 0.0802 0.6292
vn 0.5594 0.7746 0.2951
vn 0.5634 0.7720 0.2943
vn 0.5748 0.7644 0.2920
vn 0.5282 0.7998 0.2852
vn 0.5283 0.7997 0.2853
vn 0.5185 0.8506 0.0870
vn 0.5185 0.8529 0.0612
vn 0.4936 0.8605 -0.1261
vn 0.4956 0.8594 -0.1261
vn 0.4809 0.8676 -0.1262
vn 0.9077 0.2254 -0.3540
vn 0.6306 -0.7462 0.2134
vn 0.6357 -0.7473 0.1934
vn 0.6550 -0.7483 0.1048
vn 0.7689 -0.5134 -0.3811
vn 0.5642 -0.7632 0.3150
vn 0.5655 -0.7624 0.3147
vn 0.4805 -0.8145 0.3251
vn 0.4877 -0.8102 0.3253
vn 0.4426 -0.8363 0.3236
vn 0.5594 -0.0423 0.8278
vn 0.5244 -0.0321 0.8508
vn 0.5303 -0.0338 0.8472
vn 0.4939 -0.0234 0.8692
vn 0.8248 0.5395 0.1693
vn 0.8226 0.5427 0.1700
vn 0.8464 0.5070 0.1629
vn 0.7992 0.5746 0.1762
vn -0.9734 0.0465 0.2242
vn -0.9821 -0.0229 0.1869
vn -0.9440 -0.0860 0.3187
vn -0.9493 -0.0742 0.3054
vn -0.9460 0.1960 0.2580
vn -0.9559 0.2193 0.1956
vn -0.9874 0.0476 0.1509
vn -0.9804 0.0746 0.1823
vn -0.9258 0.1856 0.3293
vn -0.9048 0.1916 0.3802
vn -0.9244 0.2218 0.3102
vn -0.9486 0.2267 0.2209
vn -0.8970 0.1672 0.4093
vn -0.9913 -0.0272 0.1290
vn -0.9922 -0.0428 0.1175
vn -0.9515 0.2773 0.1334
vn -0.9526 0.2706 0.1392
vn -0.9371 0.3321 0.1072
vn -0.9311 0.3494 0.1052
vn -0.9129 0.4051 0.0502
vn -0.9125 0.4064 0.0467
vn -0.9112 0.4067 -0.0654
vn -0.9046 0.3953 -0.1596
vn -0.9059 0.3968 -0.1479
vn -0.9112 0.4068 -0.0647
vn -0.8610 0.4509 -0.2355
vn -0.8362 0.2764 -0.4737
vn -0.8421 0.2994 -0.4485
vn -0.8664 0.4411 -0.2340
vn -0.9083 0.4170 -0.0321
vn -0.9086 0.4163 -0.0340
vn -0.8824 0.4109 -0.2291
vn -0.8860 0.4037 -0.2280
vn -0.7612 0.1144 -0.6383
vn -0.7540 0.1075 -0.6480
vn -0.7136 0.0336 -0.6998
vn -0.8064 0.0080 -0.5913
vn -0.9088 -0.1982 0.3672
vn -0.9127 -0.1566 0.3774
vn -0.8919 -0.2026 0.4042
vn -0.8976 -0.2345 0.3732
vn -0.8998 -0.3344 0.2803
vn -0.9020 -0.2846 0.3247
vn -0.9185 -0.3547 0.1746
vn -0.9044 -0.3630 0.2245
vn -0.9521 -0.2890 0.1000
vn -0.9485 -0.2940 0.1178
vn -0.9939 -0.0600 0.0929
vn -0.9881 -0.1385 0.0672
vn -0.9719 -0.2333 0.0317
vn -0.9652 -0.2580 0.0426
vn -0.9915 -0.1290 0.0161
vn -0.9602 -0.2524 0.1198
vn -0.9637 -0.2634 0.0439
vn -0.9977 -0.0674 0.0050
vn -0.9844 -0.0439 -0.1703
vn -0.9675 -0.1315 -0.2159
vn -0.9389 -0.2633 -0.2216
vn -0.9442 -0.0577 -0.3242
vn -0.8849 -0.1702 -0.4336
vn -0.7709 -0.3258 -0.5473
vn -0.7694 -0.1338 -0.6245
vn -0.6654 -0.0919 -0.7408
vn -0.6210 -0.2509 -0.7426
vn -0.6252 -0.3688 -0.6878
vn -0.6378 -0.3797 -0.6702
vn -0.6775 -0.2982 -0.6723
vn -0.6141 -0.4525 -0.6466
vn -0.6958 -0.4087 -0.5906
vn -0.7196 -0.4266 -0.5479
vn -0.6392 -0.4870 -0.5952
vn -0.8401 -0.4164 -0.3476
vn -0.7262 -0.4980 -0.4740
vn -0.9265 -0.3714 -0.0601
vn -0.8405 -0.4780 -0.2552
vn -0.9320 -0.3601 0.0413
vn -0.9092 -0.4153 -0.0277
vn -0.9312 -0.3622 0.0413
vn -0.9125 -0.3244 -0.2493
vn -0.3565 0.8079 0.4692
vn -0.3780 0.7381 0.5588
vn -0.3756 0.7202 0.5833
vn -0.3627 0.8068 0.4664
vn -0.3224 0.8187 0.4752
vn -0.3273 0.8159 0.4766
vn -0.3631 0.6452 0.6723
vn -0.3291 0.9309 0.1586
vn -0.3168 0.9220 0.2228
vn -0.3291 0.9308 0.1589
vn -0.3332 0.9398 0.0763
vn -0.3328 0.9400 0.0752
vn -0.3272 0.9446 0.0272
vn -0.3271 0.9445 0.0294
vn -0.3147 0.9492 -0.0093
vn -0.3168 0.9485 -0.0080
vn -0.2860 0.9501 -0.1248
vn -0.2890 0.9513 -0.1069
vn -0.2732 0.9372 -0.2168
vn -0.2719 0.9377 -0.2164
vn -0.2804 0.9345 -0.2192
vn -0.2794 0.9349 -0.2188
vn -0.2835 0.9333 -0.2203
vn 0.1835 0.4193 -0.8891
vn 0.5555 -0.0007 -0.8315
vn 0.5371 0.0340 -0.8428
vn 0.5702 -0.0296 -0.8210
vn 0.5650 -0.0861 -0.8206
vn 0.5574 -0.0938 -0.8249
vn 0.5273 -0.1869 -0.8289
vn 0.5213 -0.2274 -0.8225
vn 0.2858 -0.6809 -0.6743
vn 0.4342 -0.4616 -0.7735
vn 0.4231 -0.4771 -0.7703
vn 0.2370 -0.7411 -0.6282
vn 0.1086 -0.8532 -0.5101
vn 0.1071 -0.8535 -0.5100
vn 0.0587 -0.8551 -0.5151
vn 0.0545 -0.8549 -0.5159
vn -0.0214 -0.8688 -0.4948
vn -0.0318 -0.8722 -0.4882
vn -0.0793 -0.8860 -0.4568
vn -0.2324 -0.0353 0.9720
vn -0.2939 -0.0645 0.9537
vn -0.2518 -0.0445 0.9668
vn -0.1905 -0.0157 0.9816
vn -0.3147 0.8230 0.4729
vn -0.1820 0.4460 0.8763
vn -0.6992 -0.7098 0.0857
vn -0.6797 -0.0701 0.7301
vn -0.3442 0.4778 0.8083
vn -0.3791 0.4568 0.8047
vn -0.3057 0.4995 0.8106
vn -0.4750 0.3735 0.7968
vn -0.5115 0.3328 0.7922
vn -0.5652 0.2676 0.7803
vn -0.4615 -0.6032 0.6505
vn -0.4867 -0.5694 0.6625
vn -0.4624 -0.6020 0.6510
vn -0.4373 -0.6336 0.6382
vn -0.3801 -0.9246 0.0257
vn -0.3788 -0.9252 0.0248
vn -0.4575 -0.8858 0.0778
vn -0.2680 -0.9629 -0.0315
vn -0.2006 -0.9787 -0.0425
vn -0.1680 -0.9846 -0.0477
vn 0.4958 -0.3365 -0.8006
vn 0.4824 -0.3736 -0.7922
vn -0.6489 0.2506 -0.7184
vn -0.7406 -0.5870 -0.3271
vn -0.7476 -0.5804 -0.3229
vn -0.7325 -0.6100 -0.3022
vn -0.7413 -0.5977 -0.3055
vn -0.7094 -0.6407 -0.2936
vn -0.7414 -0.6638 -0.0987
vn -0.7411 -0.6656 -0.0884
vn -0.7158 -0.6839 0.1409
vn -0.7163 -0.6836 0.1401
vn -0.7256 -0.6751 0.1335
vn -0.7264 -0.6741 0.1335
vn -0.7430 -0.6586 0.1191
vn -0.7451 -0.6567 0.1164
vn -0.7680 -0.6329 0.0978
vn -0.7709 -0.6296 0.0969
vn -0.7990 -0.5949 0.0884
vn -0.8022 -0.5906 0.0875
vn -0.8178 -0.5695 0.0831
vn -0.7615 0.0731 0.6440
vn -0.7608 0.0727 0.6449
vn -0.7492 0.0658 0.6591
vn -0.7731 0.0802 0.6292
vn -0.5594 0.7746 0.2951
vn -0.5748 0.7644 0.2920
vn -0.5634 0.7720 0.2943
vn -0.5282 0.7998 0.2852
vn -0.5283 0.7997 0.2853
vn -0.5185 0.8506 0.0870
vn -0.5185 0.8529 0.0612
vn -0.4936 0.8605 -0.1261
vn -0.4956 0.8594 -0.1261
vn -0.4809 0.8676 -0.1262
vn -0.9077 0.2254 -0.3540
vn -0.6306 -0.7462 0.2134
vn -0.6550 -0.7483 0.1048
vn -0.6357 -0.7473 0.1934
vn -0.7689 -0.5134 -0.3811
vn -0.5642 -0.7632 0.3150
vn -0.5655 -0.7624 0.3147
vn -0.4805 -0.8145 0.3251
vn -0.4877 -0.8102 0.3253
vn -0.4426 -0.8363 0.3236
vn -0.5594 -0.0423 0.8278
vn -0.5303 -0.0338 0.8472
vn -0.5244 -0.0321 0.8508
vn -0.4939 -0.0234 0.8692
vn -0.8248 0.5395 0.1693
vn -0.8464 0.5070 0.1629
vn -0.8226 0.5427 0.1700
vn -0.7992 0.5746 0.1762
vt 0.000000 0.000000
s 1
f 685/109/843 683/109/844 686/109/845 684/109/846
f 695/109/847 694/109/848 688/109/849 689/109/850
f 695/109/847 696/109/851 690/109/852 687/109/853
f 689/109/850 691/109/854 696/109/851 695/109/847
f 687/109/853 685/109/843 694/109/848 695/109/847
f 693/109/855 687/109/853 690/109/852 692/109/855
f 697/109/856 694/109/848 685/109/843 684/109/846
f 688/109/849 694/109/848 697/109/856 698/109/857
f 700/109/858 699/109/859 691/109/854 689/109/850
f 700/109/858 702/109/860 701/109/861 699/109/859
f 702/109/860 704/109/862 703/109/863 701/109/861
f 711/109/864 710/109/865 706/109/866 705/109/867
f 715/109/868 714/109/869 708/109/870 707/109/871
f 703/109/863 704/109/862 709/109/872 712/109/873
f 712/109/873 709/109/872 710/109/865 711/109/864
f 705/109/867 706/109/866 713/109/874 716/109/875
f 716/109/875 713/109/874 714/109/869 715/109/868
f 708/109/870 718/109/876 717/109/877 707/109/871
f 720/109/878 717/109/877 718/109/876 719/109/879
f 686/109/845 683/109/844 721/109/880 722/109/881
f 724/109/882 723/109/883 722/109/881 721/109/880
f 723/109/883 726/109/884 725/109/885 722/109/881
f 728/109/886 725/109/885 726/109/884 727/109/887
f 728/109/886 727/109/887 729/109/888 730/109/889
f 732/109/890 688/109/849 698/109/857 731/109/891
f 793/109/892 734/109/893 731/109/891 792/109/894
f 735/109/895 733/109/896 730/109/889 729/109/888
f 732/109/890 731/109/891 734/109/893 736/109/897
f 734/109/893 738/109/898 740/109/899 736/109/897
f 793/109/892 794/109/900 738/109/898 734/109/893
f 738/109/898 742/109/901 744/109/902 740/109/899
f 794/109/900 795/109/903 742/109/901 738/109/898
f 745/109/904 719/109/879 744/109/902 742/109/901
f 720/109/878 719/109/879 745/109/904 746/109/905
f 797/109/906 796/109/907 747/109/908 748/109/909
f 795/109/903 796/109/907 745/109/904 742/109/901
f 748/109/909 747/109/908 741/109/910 749/109/911
f 743/109/912 750/109/913 749/109/911 741/109/910
f 739/109/914 753/109/915 750/109/913 743/109/912
f 752/109/916 754/109/917 753/109/915 739/109/914
f 751/109/918 755/109/919 754/109/917 752/109/916
f 755/109/919 751/109/918 756/109/920
f 733/109/896 735/109/895 751/109/918 752/109/916
f 733/109/896 752/109/916 739/109/914 737/109/921
f 743/109/912 741/109/910 737/109/921 739/109/914
f 758/109/922 696/109/923 691/109/924 757/109/925
f 759/109/926 690/109/927 696/109/923 758/109/922
f 699/109/928 760/109/928 757/109/925 691/109/924
f 701/109/929 761/109/930 760/109/931 699/109/931
f 703/109/932 762/109/933 761/109/930 701/109/929
f 763/109/934 762/109/933 703/109/932 712/109/935
f 764/109/936 763/109/934 712/109/935 711/109/937
f 765/109/938 764/109/936 711/109/937 705/109/939
f 766/109/940 765/109/938 705/109/939 716/109/941
f 767/109/942 766/109/940 716/109/941 715/109/943
f 768/109/944 767/109/942 715/109/943 707/109/944
f 717/109/945 769/109/945 768/109/945 707/109/945
f 720/109/946 770/109/947 769/109/948 717/109/948
f 746/109/949 771/109/950 770/109/947 720/109/946
f 797/109/951 798/109/952 771/109/950 746/109/949
f 750/109/953 774/109/954 773/109/955 749/109/956
f 753/109/957 775/109/958 774/109/954 750/109/953
f 754/109/959 776/109/960 775/109/958 753/109/957
f 755/109/961 777/109/962 776/109/960 754/109/959
f 756/109/963 778/109/963 777/109/962 755/109/961
f 751/109/964 779/109/965 778/109/966 756/109/966
f 780/109/967 779/109/965 751/109/964 735/109/967
f 692/109/968 690/109/927 759/109/926 781/109/968
f 693/109/969 692/109/969 781/109/969 782/109/969
f 783/109/970 687/109/970 693/109/970 782/109/970
f 784/109/971 685/109/971 687/109/971 783/109/971
f 683/109/972 685/109/973 784/109/973 785/109/974
f 721/109/975 683/109/972 785/109/974 786/109/976
f 724/109/977 721/109/975 786/109/976 787/109/977
f 788/109/978 723/109/979 724/109/980 787/109/980
f 726/109/981 723/109/979 788/109/978 789/109/981
f 727/109/982 726/109/983 789/109/983 790/109/984
f 791/109/985 780/109/986 735/109/986 729/109/987
f 729/109/987 727/109/982 790/109/984 791/109/985
f 748/109/988 772/109/989 798/109/952 797/109/951
f 741/109/910 747/109/908 796/109/907 795/109/903
f 746/109/905 745/109/904 796/109/907 797/109/906
f 737/109/921 741/109/910 795/109/903 794/109/900
f 733/109/896 737/109/921 794/109/900 793/109/892
f 733/109/896 793/109/892 792/109/894 730/109/889
f 749/109/956 773/109/955 772/109/989 748/109/988
f 689/109/990 688/109/990 799/109/990 800/109/990
f 702/109/991 700/109/992 801/109/993 802/109/994
f 700/109/992 689/109/995 800/109/995 801/109/993
f 704/109/996 702/109/991 802/109/994 803/109/997
f 709/109/998 704/109/996 803/109/997 804/109/999
f 710/109/1000 709/109/998 804/109/999 805/109/1001
f 706/109/1002 710/109/1000 805/109/1001 806/109/1003
f 713/109/1004 706/109/1002 806/109/1003 807/109/1005
f 714/109/1006 713/109/1004 807/109/1005 808/109/1007
f 708/109/1008 714/109/1006 808/109/1007 809/109/1008
f 718/109/1009 708/109/1010 809/109/1010 810/109/1011
f 719/109/1012 718/109/1009 810/109/1011 811/109/1012
f 812/109/1013 744/109/1014 719/109/1015 811/109/1015
f 740/109/1016 744/109/1014 812/109/1013 813/109/1017
f 814/109/1018 736/109/1019 740/109/1016 813/109/1017
f 732/109/1020 736/109/1019 814/109/1018 815/109/1021
f 732/109/1020 815/109/1021 799/109/1022 688/109/1022
f 817/109/1023 722/109/1023 725/109/1023 816/109/1023
f 819/109/1024 684/109/1025 686/109/1026 818/109/1026
f 686/109/1027 722/109/1027 817/109/1027 818/109/1027
f 697/109/1028 684/109/1025 819/109/1024 820/109/1029
f 698/109/1030 697/109/1028 820/109/1029 821/109/1031
f 731/109/1032 698/109/1030 821/109/1031 822/109/1032
f 824/109/1033 730/109/1033 792/109/1034 823/109/1035
f 792/109/1034 731/109/1036 822/109/1036 823/109/1035
f 728/109/1037 825/109/1038 816/109/1039 725/109/1039
f 728/109/1037 730/109/1040 824/109/1040 825/109/1038
f 828/109/1041 827/109/1042 829/109/1043 826/109/1044
f 838/109/1045 832/109/1046 831/109/1047 837/109/1048
f 838/109/1045 830/109/1049 833/109/1050 839/109/1051
f 832/109/1046 838/109/1045 839/109/1051 834/109/1052
f 830/109/1049 838/109/1045 837/109/1048 828/109/1041
f 836/109/1053 835/109/1053 833/109/1050 830/109/1049
f 840/109/1054 827/109/1042 828/109/1041 837/109/1048
f 831/109/1047 841/109/1055 840/109/1054 837/109/1048
f 843/109/1056 832/109/1046 834/109/1052 842/109/1057
f 843/109/1056 842/109/1057 844/109/1058 845/109/1059
f 845/109/1059 844/109/1058 846/109/1060 847/109/1061
f 854/109/1062 848/109/1063 849/109/1064 853/109/1065
f 858/109/1066 850/109/1067 851/109/1068 857/109/1069
f 846/109/1060 855/109/1070 852/109/1071 847/109/1061
f 855/109/1070 854/109/1062 853/109/1065 852/109/1071
f 848/109/1063 859/109/1072 856/109/1073 849/109/1064
f 859/109/1072 858/109/1066 857/109/1069 856/109/1073
f 851/109/1068 850/109/1067 860/109/1074 861/109/1075
f 863/109/1076 862/109/1077 861/109/1075 860/109/1074
f 829/109/1043 865/109/1078 864/109/1079 826/109/1044
f 867/109/1080 864/109/1079 865/109/1078 866/109/1081
f 866/109/1081 865/109/1078 868/109/1082 869/109/1083
f 871/109/1084 870/109/1085 869/109/1083 868/109/1082
f 871/109/1084 873/109/1086 872/109/1087 870/109/1085
f 875/109/1088 874/109/1089 841/109/1055 831/109/1047
f 936/109/1090 935/109/1091 874/109/1089 877/109/1092
f 878/109/1093 872/109/1087 873/109/1086 876/109/1094
f 875/109/1088 879/109/1095 877/109/1092 874/109/1089
f 877/109/1092 879/109/1095 883/109/1096 881/109/1097
f 936/109/1090 877/109/1092 881/109/1097 937/109/1098
f 881/109/1097 883/109/1096 887/109/1099 885/109/1100
f 937/109/1098 881/109/1097 885/109/1100 938/109/1101
f 888/109/1102 885/109/1100 887/109/1099 862/109/1077
f 863/109/1076 889/109/1103 888/109/1102 862/109/1077
f 940/109/1104 891/109/1105 890/109/1106 939/109/1107
f 938/109/1101 885/109/1100 888/109/1102 939/109/1107
f 891/109/1105 892/109/1108 884/109/1109 890/109/1106
f 886/109/1110 884/109/1109 892/109/1108 893/109/1111
f 882/109/1112 886/109/1110 893/109/1111 896/109/1113
f 895/109/1114 882/109/1112 896/109/1113 897/109/1115
f 894/109/1116 895/109/1114 897/109/1115 898/109/1117
f 898/109/1117 899/109/1118 894/109/1116
f 876/109/1094 895/109/1114 894/109/1116 878/109/1093
f 876/109/1094 880/109/1119 882/109/1112 895/109/1114
f 886/109/1110 882/109/1112 880/109/1119 884/109/1109
f 901/109/1120 900/109/1121 834/109/1122 839/109/1123
f 902/109/1124 901/109/1120 839/109/1123 833/109/1125
f 842/109/1126 834/109/1122 900/109/1121 903/109/1126
f 844/109/1127 842/109/1128 903/109/1128 904/109/1129
f 846/109/1130 844/109/1127 904/109/1129 905/109/1131
f 906/109/1132 855/109/1133 846/109/1130 905/109/1131
f 907/109/1134 854/109/1135 855/109/1133 906/109/1132
f 908/109/1136 848/109/1137 854/109/1135 907/109/1134
f 909/109/1138 859/109/1139 848/109/1137 908/109/1136
f 910/109/1140 858/109/1141 859/109/1139 909/109/1138
f 911/109/1142 850/109/1142 858/109/1141 910/109/1140
f 860/109/1143 850/109/1143 911/109/1143 912/109/1143
f 863/109/1144 860/109/1145 912/109/1145 913/109/1146
f 889/109/1147 863/109/1144 913/109/1146 914/109/1148
f 940/109/1149 889/109/1147 914/109/1148 941/109/1150
f 893/109/1151 892/109/1152 916/109/1153 917/109/1154
f 896/109/1155 893/109/1151 917/109/1154 918/109/1156
f 897/109/1157 896/109/1155 918/109/1156 919/109/1158
f 898/109/1159 897/109/1157 919/109/1158 920/109/1160
f 899/109/1161 898/109/1159 920/109/1160 921/109/1161
f 894/109/1162 899/109/1163 921/109/1163 922/109/1164
f 923/109/1165 878/109/1165 894/109/1162 922/109/1164
f 835/109/1166 924/109/1166 902/109/1124 833/109/1125
f 836/109/1167 925/109/1167 924/109/1167 835/109/1167
f 926/109/1168 925/109/1168 836/109/1168 830/109/1168
f 927/109/1169 926/109/1169 830/109/1169 828/109/1169
f 826/109/1170 928/109/1171 927/109/1172 828/109/1172
f 864/109/1173 929/109/1174 928/109/1171 826/109/1170
f 867/109/1175 930/109/1175 929/109/1174 864/109/1173
f 931/109/1176 930/109/1177 867/109/1177 866/109/1178
f 869/109/1179 932/109/1179 931/109/1176 866/109/1178
f 870/109/1180 933/109/1181 932/109/1182 869/109/1182
f 934/109/1183 872/109/1184 878/109/1185 923/109/1185
f 872/109/1184 934/109/1183 933/109/1181 870/109/1180
f 891/109/1186 940/109/1149 941/109/1150 915/109/1187
f 884/109/1109 938/109/1101 939/109/1107 890/109/1106
f 889/109/1103 940/109/1104 939/109/1107 888/109/1102
f 880/109/1119 937/109/1098 938/109/1101 884/109/1109
f 876/109/1094 936/109/1090 937/109/1098 880/109/1119
f 876/109/1094 873/109/1086 935/109/1091 936/109/1090
f 892/109/1152 891/109/1186 915/109/1187 916/109/1153
f 832/109/1188 943/109/1188 942/109/1188 831/109/1188
f 845/109/1189 945/109/1190 944/109/1191 843/109/1192
f 843/109/1192 944/109/1191 943/109/1193 832/109/1193
f 847/109/1194 946/109/1195 945/109/1190 845/109/1189
f 852/109/1196 947/109/1197 946/109/1195 847/109/1194
f 853/109/1198 948/109/1199 947/109/1197 852/109/1196
f 849/109/1200 949/109/1201 948/109/1199 853/109/1198
f 856/109/1202 950/109/1203 949/109/1201 849/109/1200
f 857/109/1204 951/109/1205 950/109/1203 856/109/1202
f 851/109/1206 952/109/1206 951/109/1205 857/109/1204
f 861/109/1207 953/109/1208 952/109/1209 851/109/1209
f 862/109/1210 954/109/1210 953/109/1208 861/109/1207
f 955/109/1211 954/109/1212 862/109/1212 887/109/1213
f 883/109/1214 956/109/1215 955/109/1211 887/109/1213
f 957/109/1216 956/109/1215 883/109/1214 879/109/1217
f 875/109/1218 958/109/1219 957/109/1216 879/109/1217
f 875/109/1218 831/109/1220 942/109/1220 958/109/1219
f 960/109/1221 959/109/1221 868/109/1221 865/109/1221
f 962/109/1222 961/109/1223 829/109/1223 827/109/1224
f 829/109/1225 961/109/1225 960/109/1225 865/109/1225
f 840/109/1226 963/109/1227 962/109/1222 827/109/1224
f 841/109/1228 964/109/1229 963/109/1227 840/109/1226
f 874/109/1230 965/109/1230 964/109/1229 841/109/1228
f 967/109/1231 966/109/1232 935/109/1233 873/109/1231
f 935/109/1233 966/109/1232 965/109/1234 874/109/1234
f 871/109/1235 868/109/1236 959/109/1236 968/109/1237
f 871/109/1235 968/109/1237 967/109/1238 873/109/1238
o Plane.005
v 0.022624 0.023244 0.092417
v 0.034873 0.029427 0.083758
v 0.024368 -0.028097 0.077213
v 0.035771 -0.007638 0.077866
v 0.059422 0.008264 0.056763
v 0.055579 0.042837 0.059976
v 0.069521 0.052035 0.028273
v 0.066526 0.012057 0.040113
v 0.080871 0.020048 0.014385
v 0.071511 0.056709 0.017255
v 0.084564 0.032739 -0.017359
v 0.073233 0.079074 -0.010030
v 0.068946 0.082465 -0.082627
v 0.077869 0.044861 -0.086112
v 0.072627 0.084180 -0.060278
v 0.084335 0.035060 -0.066765
v 0.058108 0.062999 -0.110291
v 0.063031 0.078777 -0.105580
v 0.057554 0.037877 -0.109350
v 0.084880 -0.007416 -0.002187
v 0.081403 -0.008532 0.009525
v 0.065452 -0.044943 0.023122
v 0.064078 -0.022320 0.045774
v 0.069255 -0.044132 0.006825
v 0.056822 -0.006384 0.058984
v 0.041786 -0.047590 0.063495
v 0.041159 -0.067633 0.045511
v 0.031025 -0.083680 0.046974
v 0.037466 -0.052481 0.065105
v 0.000000 -0.106275 0.067586
v 0.000000 -0.096606 0.071891
v 0.028532 -0.025731 0.075622
v 0.000000 -0.078535 0.080427
v 0.000000 0.014536 0.102216
v 0.063408 -0.070612 0.000494
v 0.056168 0.006246 -0.106673
v 0.055736 -0.003116 -0.100114
v 0.053828 -0.037545 -0.079422
v 0.056445 -0.055177 -0.065524
v 0.071067 -0.049975 -0.038300
v 0.056099 -0.077291 -0.008217
v 0.057022 0.079378 -0.103701
v 0.055313 0.072486 -0.106187
v 0.029010 0.091497 -0.106848
v 0.036380 0.095947 -0.106017
v 0.021494 0.101873 -0.106749
v 0.021382 0.092055 -0.107089
v 0.000000 0.093359 -0.107751
v 0.000000 0.103108 -0.106663
v 0.028788 -0.054264 -0.066060
v 0.000000 -0.051200 -0.072948
v 0.000000 0.072542 -0.116328
v 0.020916 0.072031 -0.115595
v 0.032638 0.056397 -0.113052
v 0.029792 0.012402 -0.112579
v 0.000000 0.013343 -0.117591
v 0.028686 -0.002031 -0.109386
v 0.000000 -0.001510 -0.115960
v 0.000000 -0.024276 -0.105934
v 0.026741 -0.030910 -0.092790
v 0.085521 0.019511 -0.060428
v 0.082530 -0.020919 -0.039711
v 0.076898 -0.012063 0.024937
v -0.022624 0.023244 0.092417
v -0.034873 0.029427 0.083758
v -0.024368 -0.028097 0.077213
v -0.035771 -0.007638 0.077866
v -0.059422 0.008264 0.056763
v -0.055579 0.042837 0.059976
v -0.069521 0.052035 0.028273
v -0.066526 0.012057 0.040113
v -0.080871 0.020048 0.014385
v -0.071511 0.056709 0.017255
v -0.084564 0.032739 -0.017359
v -0.073233 0.079074 -0.010030
v -0.068946 0.082465 -0.082627
v -0.077869 0.044861 -0.086112
v -0.072627 0.084180 -0.060278
v -0.084335 0.035060 -0.066765
v -0.058108 0.062999 -0.110291
v -0.063031 0.078777 -0.105580
v -0.057554 0.037877 -0.109350
v -0.084880 -0.007416 -0.002187
v -0.081403 -0.008532 0.009525
v -0.065452 -0.044943 0.023122
v -0.064078 -0.022320 0.045774
v -0.069255 -0.044132 0.006825
v -0.056822 -0.006384 0.058984
v -0.041786 -0.047590 0.063495
v -0.041159 -0.067633 0.045511
v -0.031025 -0.083680 0.046974
v -0.037466 -0.052481 0.065105
v -0.028532 -0.025731 0.075622
v -0.063408 -0.070612 0.000494
v -0.056168 0.006246 -0.106673
v -0.055736 -0.003116 -0.100114
v -0.053828 -0.037545 -0.079422
v -0.056445 -0.055177 -0.065524
v -0.071067 -0.049975 -0.038300
v -0.056099 -0.077291 -0.008217
v -0.057022 0.079378 -0.103701
v -0.055313 0.072486 -0.106187
v -0.029010 0.091497 -0.106848
v -0.036380 0.095947 -0.106017
v -0.021494 0.101873 -0.106749
v -0.021382 0.092055 -0.107089
v -0.028788 -0.054264 -0.066060
v -0.020916 0.072031 -0.115595
v -0.032638 0.056397 -0.113052
v -0.029792 0.012402 -0.112579
v -0.028686 -0.002031 -0.109386
v -0.026741 -0.030910 -0.092790
v -0.085521 0.019511 -0.060428
v -0.082530 -0.020919 -0.039711
v -0.076898 -0.012063 0.024937
vn 0.4974 -0.1971 0.8448
vn 0.4942 -0.2058 0.8446
vn 0.5764 -0.1413 0.8048
vn 0.6378 -0.1019 0.7634
vn 0.8179 0.0034 0.5753
vn 0.8412 0.0157 0.5404
vn 0.8916 0.0509 0.4499
vn 0.8965 0.1044 0.4305
vn 0.9365 0.1803 0.3007
vn 0.9437 0.0939 0.3172
vn 0.9887 0.1236 0.0852
vn 0.9697 0.2255 0.0940
vn 0.9702 0.0393 -0.2390
vn 0.9034 0.0324 -0.4275
vn 0.9239 0.1729 -0.3413
vn 0.9671 0.2411 -0.0815
vn 0.9619 -0.1312 -0.2401
vn 0.9515 -0.2500 -0.1791
vn 0.8446 -0.0702 -0.5308
vn 0.8515 0.0748 -0.5191
vn 0.9857 -0.1336 0.1031
vn 0.8187 -0.1952 0.5401
vn 0.9145 -0.1330 0.3821
vn 0.9624 -0.1588 0.2203
vn 0.7683 -0.0742 0.6358
vn 0.6846 -0.2977 0.6654
vn 0.7710 -0.4308 0.4689
vn 0.8676 -0.3624 0.3406
vn 0.6259 -0.3365 0.7036
vn 0.6904 -0.4402 0.5741
vn 0.6295 -0.3873 0.6736
vn 0.6669 -0.4366 0.6039
vn 0.5556 -0.1679 0.8143
vn 0.5061 -0.2387 0.8288
vn 0.4971 -0.2097 0.8420
vn 0.9338 -0.3311 0.1359
vn 0.8580 -0.5074 -0.0800
vn 0.8688 -0.4546 -0.1962
vn 0.7257 -0.6491 -0.2283
vn 0.8257 -0.4024 -0.3953
vn 0.0756 0.0598 -0.9953
vn 0.0155 0.2254 -0.9742
vn -0.0025 0.2454 -0.9694
vn -0.2154 0.3522 -0.9108
vn 0.1360 0.1161 -0.9839
vn 0.1530 0.1383 -0.9785
vn 0.0897 0.1842 -0.9788
vn 0.0349 0.0636 -0.9974
vn -0.0000 0.0726 -0.9974
vn -0.0000 0.2269 -0.9739
vn -0.0000 -0.7633 -0.6461
vn -0.0000 -0.5834 -0.8122
vn 0.1814 -0.6204 -0.7630
vn 0.0912 -0.7246 -0.6831
vn 0.1478 0.1808 -0.9724
vn -0.0000 0.1950 -0.9808
vn 0.1580 0.0515 -0.9861
vn 0.1369 -0.0049 -0.9906
vn 0.1789 -0.2256 -0.9576
vn 0.1630 -0.1307 -0.9779
vn -0.0000 -0.0871 -0.9962
vn 0.2427 -0.4493 -0.8598
vn 0.2291 -0.3769 -0.8975
vn -0.0000 -0.3134 -0.9496
vn 0.1538 -0.6324 -0.7592
vn 0.0849 -0.6966 -0.7125
vn 0.8364 -0.3075 -0.4537
vn 0.8426 -0.2646 -0.4691
vn 0.8418 -0.2052 -0.4993
vn -0.4974 -0.1971 0.8448
vn -0.6378 -0.1019 0.7634
vn -0.5764 -0.1413 0.8048
vn -0.4942 -0.2058 0.8446
vn -0.8412 0.0157 0.5404
vn -0.8179 0.0034 0.5753
vn -0.8965 0.1044 0.4305
vn -0.8916 0.0509 0.4499
vn -0.9365 0.1803 0.3007
vn -0.9437 0.0939 0.3172
vn -0.9697 0.2255 0.0940
vn -0.9887 0.1236 0.0852
vn -0.9702 0.0393 -0.2390
vn -0.9671 0.2411 -0.0815
vn -0.9239 0.1729 -0.3413
vn -0.9034 0.0324 -0.4275
vn -0.9619 -0.1312 -0.2401
vn -0.9515 -0.2500 -0.1791
vn -0.8515 0.0748 -0.5191
vn -0.8446 -0.0702 -0.5308
vn -0.9857 -0.1336 0.1031
vn -0.8187 -0.1952 0.5401
vn -0.9145 -0.1330 0.3821
vn -0.9624 -0.1588 0.2203
vn -0.7683 -0.0742 0.6358
vn -0.8676 -0.3624 0.3406
vn -0.7710 -0.4308 0.4689
vn -0.6846 -0.2977 0.6654
vn -0.6259 -0.3365 0.7036
vn -0.6904 -0.4402 0.5741
vn -0.6669 -0.4366 0.6039
vn -0.6295 -0.3873 0.6736
vn -0.5556 -0.1679 0.8143
vn -0.5061 -0.2387 0.8288
vn -0.4971 -0.2097 0.8420
vn -0.8688 -0.4546 -0.1962
vn -0.8580 -0.5074 -0.0800
vn -0.9338 -0.3311 0.1359
vn -0.8257 -0.4024 -0.3953
vn -0.7257 -0.6491 -0.2283
vn -0.0756 0.0598 -0.9953
vn 0.2154 0.3522 -0.9108
vn 0.0025 0.2454 -0.9694
vn -0.0155 0.2254 -0.9742
vn -0.1360 0.1161 -0.9839
vn -0.1530 0.1383 -0.9785
vn -0.0897 0.1842 -0.9788
vn -0.0349 0.0636 -0.9974
vn -0.0912 -0.7246 -0.6831
vn -0.1814 -0.6204 -0.7630
vn -0.1478 0.1808 -0.9724
vn -0.1580 0.0515 -0.9861
vn -0.1630 -0.1307 -0.9779
vn -0.1789 -0.2256 -0.9576
vn -0.1369 -0.0049 -0.9906
vn -0.2427 -0.4493 -0.8598
vn -0.2291 -0.3769 -0.8975
vn -0.1538 -0.6324 -0.7592
vn -0.0849 -0.6966 -0.7125
vn -0.8426 -0.2646 -0.4691
vn -0.8364 -0.3075 -0.4537
vn -0.8418 -0.2052 -0.4993
vt 0.626244 0.513017
vt 0.614343 0.331958
vt 0.662107 0.394564
vt 0.680612 0.519950
vt 0.778122 0.416187
vt 0.791051 0.531799
vt 0.221847 0.882583
vt 0.194076 0.747295
vt 0.921853 0.527315
vt 0.893067 0.524248
vt 0.830215 0.408960
vt 0.921853 0.403518
vt 0.034104 0.492145
vt 0.038223 0.365018
vt 0.142811 0.403951
vt 0.124957 0.564714
vt 0.308376 0.408106
vt 0.376665 0.442058
vt 0.370278 0.572237
vt 0.293583 0.578324
vt 0.287593 0.356761
vt 0.217746 0.222408
vt 0.140186 0.785708
vt 0.468153 0.508684
vt 0.450115 0.560303
vt 0.091146 0.269819
vt 0.784449 0.305151
vt 0.000000 0.000000
vt 0.053712 0.268252
vt 0.754638 0.372276
vt 0.670213 0.249524
vt 0.683068 0.166933
vt 0.808853 0.208827
vt 0.651279 0.236894
vt 0.638841 0.120247
vt 0.498209 0.114529
vt 0.497607 0.079060
vt 0.630679 0.336548
vt 0.498720 0.181294
vt 0.539024 0.502575
vt 0.068405 0.152773
vt 0.092156 0.065355
vt 0.218435 0.129013
vt 0.494811 0.704736
vt 0.469970 0.712054
vt 0.450347 0.705238
vt 0.448510 0.686387
vt 0.400622 0.776443
vt 0.415874 0.801211
vt 0.415912 0.826785
vt 0.384996 0.826820
vt 0.387034 0.898374
vt 0.416837 0.898209
vt 0.916273 0.867344
vt 0.793504 0.889834
vt 0.822081 0.792140
vt 0.925900 0.767007
vt 0.470256 0.832422
vt 0.473513 0.902424
vt 0.520281 0.767178
vt 0.576020 0.704394
vt 0.680131 0.705312
vt 0.661105 0.797203
vt 0.660622 0.899565
vt 0.717426 0.702026
vt 0.710953 0.797956
vt 0.709752 0.897594
vt 0.850814 0.693153
vt 0.921852 0.674569
vt 0.365242 0.174201
vt 0.434138 0.287805
vt 0.139722 0.889821
vt 0.299016 0.857599
vt 0.259730 0.840968
s 1
usemtl Material
f 969/110/1239 971/111/1240 972/112/1241 970/113/1242
f 972/112/1241 973/114/1243 974/115/1244 970/113/1242
f 973/114/1243 976/116/1245 975/117/1246 974/115/1244
f 978/118/1247 975/119/1246 976/120/1245 977/121/1248
f 978/122/1247 977/123/1248 979/124/1249 980/125/1250
f 984/126/1251 982/127/1252 981/128/1253 983/129/1254
f 979/124/1249 984/126/1251 983/129/1254 980/125/1250
f 1029/130/1255 979/124/1249 1030/131/1256
f 982/127/1252 987/132/1257 985/133/1258 986/134/1258 981/128/1253
f 988/135/1259 1030/131/1256 979/124/1249
f 991/136/1260 1031/137/1261 977/121/1248
f 979/124/1249 977/123/1248 989/138/1262 988/135/1259
f 976/120/1245 993/139/1263 991/136/1260 977/121/1248
f 991/136/1260 994/140/1264 995/141/1265 990/142/1266
f 997/143/1267 996/144/1268 995/141/1265 994/140/1264
f 996/144/1268 997/143/1267 999/145/1269 998/146/1270
f 991/136/1260 993/139/1263 1000/147/1271 994/140/1264
f 994/140/1264 1000/147/1271 971/111/1240 997/143/1267
f 997/143/1267 971/111/1240 1001/148/1272 999/145/1269
f 969/110/1239 1002/149/1273 1001/148/1272 971/111/1240
f 988/135/1259 992/150/1274 1003/151/1275 1008/152/1276 1030/131/1256
f 1003/151/1275 1009/137/1277 1007/137/1278 1008/152/1276
f 985/153/1279 1011/154/1280 1010/155/1281 986/156/1282
f 1013/157/1283 1010/155/1281 1011/154/1280 1012/158/1284
f 1015/159/1285 1014/160/1286 1013/157/1283 1012/158/1284
f 1017/161/1287 1014/160/1286 1015/159/1285 1016/162/1288
f 1019/163/1289 1027/164/1290 1028/165/1291 1018/166/1292
f 1021/167/1293 1020/168/1294 1016/162/1288 1015/159/1285
f 1012/158/1284 1011/154/1280 1022/169/1295 1021/167/1293 1015/159/1285
f 1022/169/1295 1011/154/1280 985/153/1279 987/170/1296 1004/171/1297 1023/172/1298
f 1020/168/1294 1021/167/1293 1022/169/1295 1023/172/1298 1024/173/1299
f 1005/174/1300 1025/175/1301 1023/172/1298 1004/171/1297
f 1024/173/1299 1023/172/1298 1025/175/1301 1026/176/1302
f 1006/177/1303 1007/178/1304 1018/166/1292 1028/165/1291
f 1006/177/1303 1028/165/1291 1025/175/1301 1005/174/1300
f 1026/176/1302 1025/175/1301 1028/165/1291 1027/164/1290
f 1030/131/1256 1006/179/1305 1005/180/1306 1029/130/1255
f 982/127/1252 984/126/1251 1004/181/1307 987/132/1257
f 1005/180/1306 1004/181/1307 984/126/1251 1029/130/1255
f 1007/137/1278 1006/179/1305 1030/131/1256 1008/152/1276
f 979/124/1249 1029/130/1255 984/126/1251
f 989/138/1262 990/182/1266 992/183/1274 988/135/1259
f 989/138/1262 977/121/1248 1031/137/1261
f 991/136/1260 990/142/1266 1031/137/1261
f 990/142/1266 989/138/1262 1031/137/1261
f 1032/110/1308 1033/113/1309 1035/112/1310 1034/111/1311
f 1035/112/1310 1033/113/1309 1037/115/1312 1036/114/1313
f 1036/114/1313 1037/115/1312 1038/117/1314 1039/116/1315
f 1041/118/1316 1040/121/1317 1039/120/1315 1038/119/1314
f 1041/122/1316 1043/125/1318 1042/124/1319 1040/123/1317
f 1047/126/1320 1046/129/1321 1044/128/1322 1045/127/1323
f 1042/124/1319 1043/125/1318 1046/129/1321 1047/126/1320
f 1081/130/1324 1082/131/1325 1042/124/1319
f 1045/127/1323 1044/128/1322 1049/134/1326 1048/133/1326 1050/132/1327
f 1051/135/1328 1042/124/1319 1082/131/1325
f 1054/136/1329 1040/121/1317 1083/137/1330
f 1042/124/1319 1051/135/1328 1052/138/1331 1040/123/1317
f 1039/120/1315 1040/121/1317 1054/136/1329 1056/139/1332
f 1054/136/1329 1053/142/1333 1058/141/1334 1057/140/1335
f 1060/143/1336 1057/140/1335 1058/141/1334 1059/144/1337
f 1059/144/1337 998/146/1338 999/145/1339 1060/143/1336
f 1054/136/1329 1057/140/1335 1061/147/1340 1056/139/1332
f 1057/140/1335 1060/143/1336 1034/111/1311 1061/147/1340
f 1060/143/1336 999/145/1339 1001/148/1341 1034/111/1311
f 1032/110/1308 1034/111/1311 1001/148/1341 1002/149/1342
f 1051/135/1328 1082/131/1325 1067/152/1343 1062/151/1344 1055/150/1345
f 1062/151/1344 1067/152/1343 1066/137/1346 1068/137/1347
f 1048/153/1348 1049/156/1349 1069/155/1350 1070/154/1351
f 1072/157/1352 1071/158/1353 1070/154/1351 1069/155/1350
f 1074/159/1354 1071/158/1353 1072/157/1352 1073/160/1355
f 1017/161/1287 1016/162/1288 1074/159/1354 1073/160/1355
f 1019/163/1289 1075/166/1356 1080/165/1357 1027/164/1290
f 1076/167/1358 1074/159/1354 1016/162/1288 1020/168/1294
f 1071/158/1353 1074/159/1354 1076/167/1358 1077/169/1359 1070/154/1351
f 1077/169/1359 1078/172/1360 1063/171/1361 1050/170/1362 1048/153/1348 1070/154/1351
f 1020/168/1294 1024/173/1299 1078/172/1360 1077/169/1359 1076/167/1358
f 1064/174/1363 1063/171/1361 1078/172/1360 1079/175/1364
f 1024/173/1299 1026/176/1302 1079/175/1364 1078/172/1360
f 1065/177/1365 1080/165/1357 1075/166/1356 1066/178/1366
f 1065/177/1365 1064/174/1363 1079/175/1364 1080/165/1357
f 1026/176/1302 1027/164/1290 1080/165/1357 1079/175/1364
f 1082/131/1325 1081/130/1324 1064/180/1367 1065/179/1368
f 1045/127/1323 1050/132/1327 1063/181/1369 1047/126/1320
f 1064/180/1367 1081/130/1324 1047/126/1320 1063/181/1369
f 1066/137/1346 1067/152/1343 1082/131/1325 1065/179/1368
f 1042/124/1319 1047/126/1320 1081/130/1324
f 1052/138/1331 1051/135/1328 1055/183/1345 1053/182/1333
f 1052/138/1331 1083/137/1330 1040/121/1317
f 1054/136/1329 1083/137/1330 1053/142/1333
f 1053/142/1333 1083/137/1330 1052/138/1331
